class,contact_method,industry,coverage_status,geo,size,injury_claims,contact_freq
0,1,1,1,1,44,1,7
0,1,1,1,1,44,4,10
0,1,1,1,1,45,0,6
0,1,1,1,1,45,0,6
0,1,1,1,1,45,1,4
0,1,1,1,1,46,3,9
0,1,1,1,1,46,4,9
0,1,1,1,1,47,0,5
0,1,1,1,1,47,0,7
0,1,1,1,1,47,1,8
0,1,1,1,1,47,3,6
0,1,1,1,1,47,3,6
0,1,1,1,1,47,8,4
0,1,1,1,1,48,2,8
0,1,1,1,1,48,9,7
0,1,1,1,1,49,0,4
0,1,1,1,1,49,0,8
0,1,1,1,1,165,6,6
0,1,1,1,1,244,16,4
0,1,1,1,1,223,8,9
0,1,1,1,1,129,11,9
0,1,1,1,1,102,15,10
0,1,1,1,1,50,49,8
0,1,1,1,1,149,8,4
0,1,1,1,1,293,8,8
0,1,1,1,1,114,3,10
0,1,1,1,1,131,7,9
0,1,1,1,1,272,2,8
0,1,1,1,1,141,3,4
0,1,1,1,1,299,4,5
0,1,1,1,1,293,22,9
0,1,1,1,1,225,0,6
0,1,1,1,1,260,4,4
0,1,1,1,1,216,2,6
0,1,1,1,1,282,17,6
0,1,1,1,1,195,0,10
0,1,1,1,1,150,3,7
0,1,1,1,1,151,9,7
0,1,1,1,1,63,17,4
0,1,1,1,1,134,2,7
0,1,1,1,1,185,3,6
0,1,1,1,1,261,2,7
0,1,1,1,1,127,15,6
0,1,1,1,1,94,46,7
0,1,1,1,1,62,10,6
0,1,1,1,1,272,4,6
0,1,1,1,2,12,0,9
0,1,1,1,2,14,5,10
0,1,1,1,2,14,6,7
0,1,1,1,2,14,6,8
0,1,1,1,2,14,8,10
0,1,1,1,2,15,2,9
0,1,1,1,2,15,2,10
0,1,1,1,2,16,0,10
0,1,1,1,2,16,0,6
0,1,1,1,2,16,1,7
0,1,1,1,2,16,2,5
0,1,1,1,2,17,0,6
0,1,1,1,2,17,1,7
0,1,1,1,2,18,0,6
0,1,1,1,2,18,0,7
0,1,1,1,2,19,0,4
0,1,1,1,2,20,1,9
0,1,1,1,2,20,1,7
0,1,1,1,2,20,3,6
0,1,1,1,2,20,3,4
0,1,1,1,2,22,0,10
0,1,1,1,2,22,1,8
0,1,1,1,2,22,3,7
0,1,1,1,2,25,0,10
0,1,1,1,2,26,12,8
0,1,1,1,2,30,0,9
0,1,1,1,2,32,0,6
0,1,1,1,2,32,1,6
0,1,1,1,2,33,1,7
0,1,1,1,2,34,0,4
0,1,1,1,2,34,2,4
0,1,1,1,2,35,1,6
0,1,1,1,2,36,0,10
0,1,1,1,2,37,0,10
0,1,1,1,2,37,1,4
0,1,1,1,2,38,0,4
0,1,1,1,2,38,4,9
0,1,1,1,2,39,0,6
0,1,1,1,2,39,2,9
0,1,1,1,2,40,1,7
0,1,1,1,2,41,0,10
0,1,1,1,2,41,5,6
0,1,1,1,2,42,0,10
0,1,1,1,2,44,0,9
0,1,1,1,2,45,0,9
0,1,1,1,2,45,0,10
0,1,1,1,2,45,1,6
0,1,1,1,2,47,0,5
0,1,1,1,2,47,1,10
0,1,1,1,2,47,6,5
0,1,1,1,2,48,0,9
0,1,1,1,2,49,0,6
0,1,1,1,2,49,0,9
0,1,1,1,2,49,1,4
0,1,1,1,2,250,6,7
0,1,1,1,2,111,15,8
0,1,1,1,2,294,22,5
0,1,1,1,2,168,59,5
0,1,1,1,2,106,0,10
0,1,1,1,2,217,33,5
0,1,1,1,3,11,0,8
0,1,1,1,3,13,2,4
0,1,1,1,3,17,0,8
0,1,1,1,3,17,0,6
0,1,1,1,3,17,1,7
0,1,1,1,3,17,1,9
0,1,1,1,3,17,2,9
0,1,1,1,3,18,2,5
0,1,1,1,3,19,0,10
0,1,1,1,3,27,3,6
0,1,1,1,3,30,4,4
0,1,1,1,3,31,0,9
0,1,1,1,3,32,0,8
0,1,1,1,3,34,0,9
0,1,1,1,3,34,1,10
0,1,1,1,3,36,0,7
0,1,1,1,3,36,0,5
0,1,1,1,3,37,0,9
0,1,1,1,3,39,1,8
0,1,1,1,3,39,1,4
0,1,1,1,3,40,1,10
0,1,1,1,3,41,0,5
0,1,1,1,3,41,2,8
0,1,1,1,3,41,2,8
0,1,1,1,3,43,0,5
0,1,1,1,3,43,1,6
0,1,1,1,3,46,0,4
0,1,1,1,3,46,1,8
0,1,1,1,3,47,1,8
0,1,1,1,3,48,0,6
0,1,1,1,3,49,0,4
0,1,1,1,3,49,1,8
0,1,1,1,3,49,2,5
0,1,1,1,3,49,3,8
0,1,1,1,3,266,16,9
0,1,1,1,3,268,15,8
0,1,1,1,4,11,0,9
0,1,1,1,4,11,0,9
0,1,1,1,4,11,0,7
0,1,1,1,4,12,2,9
0,1,1,1,4,13,0,7
0,1,1,1,4,13,1,10
0,1,1,1,4,13,6,9
0,1,1,1,4,14,0,6
0,1,1,1,4,14,0,4
0,1,1,1,4,15,5,10
0,1,1,1,4,15,12,5
0,1,1,1,4,16,0,9
0,1,1,1,4,16,4,10
0,1,1,1,4,18,0,6
0,1,1,1,4,18,1,10
0,1,1,1,4,18,3,7
0,1,1,1,4,19,0,7
0,1,1,1,4,19,1,7
0,1,1,1,4,19,4,7
0,1,1,1,4,20,2,6
0,1,1,1,4,21,0,6
0,1,1,1,4,21,0,5
0,1,1,1,4,21,2,8
0,1,1,1,4,22,1,6
0,1,1,1,4,22,1,6
0,1,1,1,4,22,6,6
0,1,1,1,4,22,8,6
0,1,1,1,4,23,0,8
0,1,1,1,4,23,1,4
0,1,1,1,4,23,1,6
0,1,1,1,4,24,2,10
0,1,1,1,4,24,14,7
0,1,1,1,4,25,0,10
0,1,1,1,4,25,0,10
0,1,1,1,4,26,0,4
0,1,1,1,4,26,0,6
0,1,1,1,4,26,0,9
0,1,1,1,4,26,4,6
0,1,1,1,4,27,0,7
0,1,1,1,4,27,1,9
0,1,1,1,4,28,0,10
0,1,1,1,4,28,0,7
0,1,1,1,4,28,0,5
0,1,1,1,4,28,0,9
0,1,1,1,4,30,0,7
0,1,1,1,4,30,0,5
0,1,1,1,4,31,0,5
0,1,1,1,4,31,2,5
0,1,1,1,4,31,5,6
0,1,1,1,4,32,0,8
0,1,1,1,4,32,0,9
0,1,1,1,4,32,0,6
0,1,1,1,4,32,1,4
0,1,1,1,4,32,1,10
0,1,1,1,4,32,2,7
0,1,1,1,4,33,0,7
0,1,1,1,4,33,1,10
0,1,1,1,4,34,0,4
0,1,1,1,4,34,1,9
0,1,1,1,4,34,3,4
0,1,1,1,4,34,3,7
0,1,1,1,4,34,5,5
0,1,1,1,4,35,1,9
0,1,1,1,4,35,1,9
0,1,1,1,4,35,4,10
0,1,1,1,4,35,4,6
0,2,1,1,1,44,2,9
0,2,1,1,1,44,2,9
0,2,1,1,1,44,3,6
0,2,1,1,1,45,0,5
0,2,1,1,1,45,0,6
0,2,1,1,1,45,4,7
0,2,1,1,1,46,2,5
0,2,1,1,1,46,3,8
0,2,1,1,1,47,0,4
0,2,1,1,1,47,1,4
0,2,1,1,1,48,0,9
0,2,1,1,1,48,6,8
0,2,1,1,1,49,6,4
0,2,1,1,1,241,27,5
0,2,1,1,1,156,0,4
0,2,1,1,1,96,0,7
0,2,1,1,1,160,10,8
0,2,1,1,1,277,16,8
0,2,1,1,1,131,6,5
0,2,1,1,1,259,10,9
0,2,1,1,1,191,31,9
0,2,1,1,1,109,10,9
0,2,1,1,1,280,29,10
0,2,1,1,1,86,102,10
0,2,1,1,1,64,8,8
0,2,1,1,1,52,6,9
0,2,1,1,1,121,4,4
0,2,1,1,1,145,7,6
0,2,1,1,1,103,3,6
0,2,1,1,1,210,14,4
0,2,1,1,1,291,4,5
0,2,1,1,1,255,22,6
0,2,1,1,1,276,2,8
0,2,1,1,2,11,2,9
0,2,1,1,2,13,1,6
0,2,1,1,2,14,0,10
0,2,1,1,2,14,1,4
0,2,1,1,2,15,1,9
0,2,1,1,2,15,1,5
0,2,1,1,2,15,6,4
0,2,1,1,2,16,0,8
0,2,1,1,2,17,1,7
0,2,1,1,2,19,0,6
0,2,1,1,2,19,2,8
0,2,1,1,2,19,3,7
0,2,1,1,2,21,0,7
0,2,1,1,2,21,0,5
0,2,1,1,2,22,0,6
0,2,1,1,2,22,1,8
0,2,1,1,2,22,3,10
0,2,1,1,2,23,1,6
0,2,1,1,2,25,4,6
0,2,1,1,2,26,1,8
0,2,1,1,2,26,1,6
0,2,1,1,2,27,0,7
0,2,1,1,2,28,0,8
0,2,1,1,2,28,2,9
0,2,1,1,2,29,0,9
0,2,1,1,2,30,0,8
0,2,1,1,2,30,1,10
0,2,1,1,2,33,0,5
0,2,1,1,2,33,0,9
0,2,1,1,2,34,0,10
0,2,1,1,2,35,6,6
0,2,1,1,2,36,0,7
0,2,1,1,2,36,3,4
0,2,1,1,2,36,5,4
0,2,1,1,2,37,3,8
0,2,1,1,2,39,1,5
0,2,1,1,2,39,2,4
0,2,1,1,2,41,0,7
0,2,1,1,2,41,3,10
0,2,1,1,2,42,0,5
0,2,1,1,2,42,2,7
0,2,1,1,2,44,0,10
0,2,1,1,2,45,7,6
0,2,1,1,2,46,3,5
0,2,1,1,2,47,0,5
0,2,1,1,2,47,0,10
0,2,1,1,2,48,0,4
0,2,1,1,2,49,0,4
0,2,1,1,2,49,0,8
0,2,1,1,2,49,0,4
0,2,1,1,2,49,4,4
0,2,1,1,2,161,2,9
0,2,1,1,2,99,6,10
0,2,1,1,2,238,55,8
0,2,1,1,2,170,9,6
0,2,1,1,2,217,6,7
0,2,1,1,2,86,8,10
0,2,1,1,2,85,20,10
0,2,1,1,2,269,11,10
0,2,1,1,2,85,0,6
0,2,1,1,2,110,16,6
0,2,1,1,3,12,5,5
0,2,1,1,3,14,0,6
0,2,1,1,3,16,1,5
0,2,1,1,3,16,3,10
0,2,1,1,3,18,3,8
0,2,1,1,3,21,2,5
0,2,1,1,3,22,0,9
0,2,1,1,3,23,0,10
0,2,1,1,3,24,2,5
0,2,1,1,3,24,3,8
0,2,1,1,3,25,1,8
0,2,1,1,3,25,1,10
0,2,1,1,3,25,4,10
0,2,1,1,3,26,0,7
0,2,1,1,3,27,0,4
0,2,1,1,3,30,4,5
0,2,1,1,3,30,6,4
0,2,1,1,3,34,0,7
0,2,1,1,3,34,1,5
0,2,1,1,3,35,0,9
0,2,1,1,3,38,2,8
0,2,1,1,3,40,0,8
0,2,1,1,3,45,0,9
0,2,1,1,3,45,0,10
0,2,1,1,3,45,4,10
0,2,1,1,3,46,0,9
0,2,1,1,3,47,0,6
0,2,1,1,3,49,0,9
0,2,1,1,3,102,0,6
0,2,1,1,3,276,4,10
0,2,1,1,3,267,37,10
0,2,1,1,3,154,18,4
0,2,1,1,3,276,8,6
0,2,1,1,4,11,0,9
0,2,1,1,4,11,0,8
0,2,1,1,4,11,2,8
0,2,1,1,4,11,4,9
0,2,1,1,4,11,16,8
0,2,1,1,4,12,0,9
0,2,1,1,4,12,0,10
0,2,1,1,4,12,3,6
0,2,1,1,4,13,1,8
0,2,1,1,4,13,2,5
0,2,1,1,4,14,0,9
0,2,1,1,4,14,2,4
0,2,1,1,4,14,5,4
0,2,1,1,4,15,0,8
0,2,1,1,4,15,0,5
0,2,1,1,4,15,0,4
0,2,1,1,4,15,1,7
0,2,1,1,4,16,0,5
0,2,1,1,4,17,1,9
0,2,1,1,4,18,0,6
0,2,1,1,4,18,2,8
0,2,1,1,4,19,1,9
0,2,1,1,4,19,5,8
0,2,1,1,4,20,0,5
0,2,1,1,4,20,1,9
0,2,1,1,4,21,8,10
0,2,1,1,4,21,8,4
0,2,1,1,4,22,0,5
0,2,1,1,4,22,0,7
0,2,1,1,4,23,0,7
0,2,1,1,4,23,1,4
0,2,1,1,4,23,2,4
0,2,1,1,4,24,0,4
0,2,1,1,4,24,0,10
0,2,1,1,4,24,3,10
0,2,1,1,4,25,0,10
0,2,1,1,4,26,0,7
0,2,1,1,4,27,0,5
0,2,1,1,4,27,0,5
0,2,1,1,4,27,2,8
0,2,1,1,4,28,0,10
0,2,1,1,4,28,0,5
0,2,1,1,4,28,0,7
0,2,1,1,4,29,3,10
0,2,1,1,4,30,0,8
0,2,1,1,4,30,0,10
0,2,1,1,4,30,0,5
0,2,1,1,4,30,2,9
0,2,1,1,4,30,2,8
0,2,1,1,4,30,2,5
0,2,1,1,4,32,0,7
0,2,1,1,4,32,2,6
0,2,1,1,4,33,0,10
0,2,1,1,4,33,0,9
0,2,1,1,4,33,0,6
0,2,1,1,4,33,0,4
0,2,1,1,4,33,0,7
0,2,1,1,4,33,1,10
0,2,1,1,4,33,2,4
0,2,1,1,4,35,0,5
0,2,1,1,4,35,0,9
0,2,1,1,4,35,1,4
0,2,1,1,4,35,1,9
0,2,1,1,4,35,3,7
0,2,1,1,4,36,0,7
0,3,0,0,1,12,0,7
0,3,0,0,1,12,2,6
0,3,0,0,1,13,3,9
0,3,0,0,1,14,1,8
0,3,0,0,1,15,8,5
0,3,0,0,1,17,1,5
0,3,0,0,1,18,0,7
0,3,0,0,1,18,5,5
0,3,0,0,1,21,1,5
0,3,0,0,1,22,0,8
0,3,0,0,1,30,0,10
0,3,0,0,1,30,1,4
0,3,0,0,1,30,2,10
0,3,0,0,1,30,2,8
0,3,0,0,1,31,0,9
0,3,0,0,1,32,1,4
0,3,0,0,1,34,0,10
0,3,0,0,1,39,1,6
0,3,0,0,1,145,5,7
0,3,0,0,1,262,7,10
0,3,0,0,1,212,1,7
0,3,0,0,1,251,6,7
0,3,0,0,1,59,7,4
0,3,0,0,1,236,0,4
0,3,0,0,1,153,19,4
0,3,0,0,1,102,1,7
0,3,0,0,1,125,2,9
0,3,0,0,1,75,11,10
0,3,0,0,1,269,1,9
0,3,0,0,1,252,0,8
0,3,0,0,1,152,3,10
0,3,0,0,1,81,2,9
0,3,0,0,2,11,0,10
0,3,0,0,2,12,0,9
0,3,0,0,2,14,2,7
0,3,0,0,2,16,1,9
0,3,0,0,2,17,0,4
0,3,0,0,2,18,0,9
0,3,0,0,2,18,0,10
0,3,0,0,2,18,1,5
0,3,0,0,2,21,0,6
0,3,0,0,2,24,0,7
0,3,0,0,2,24,0,10
0,3,0,0,2,25,2,9
0,3,0,0,2,25,4,5
0,3,0,0,2,27,1,4
0,3,0,0,2,30,0,10
0,3,0,0,2,30,0,8
0,3,0,0,2,31,8,9
0,3,0,0,2,34,3,4
0,3,0,0,2,35,4,8
0,3,0,0,2,38,0,10
0,3,0,0,2,40,5,7
0,3,0,0,2,42,0,7
0,3,0,0,2,43,1,9
0,3,0,0,2,48,0,5
0,3,0,0,2,236,7,4
0,3,0,0,2,179,13,9
0,3,0,0,2,192,7,6
0,3,0,0,2,58,7,10
0,3,0,0,2,191,2,4
0,3,0,0,2,97,5,10
0,3,0,0,3,11,3,6
0,3,0,0,3,13,0,6
0,3,0,0,3,14,0,9
0,3,0,0,3,15,0,10
0,3,0,0,3,15,0,9
0,3,0,0,3,26,3,8
0,3,0,0,3,27,0,4
0,3,0,0,3,27,2,7
0,3,0,0,3,31,1,10
0,3,0,0,3,34,0,4
0,3,0,0,3,35,5,9
0,3,0,0,3,37,0,6
0,3,0,0,3,39,0,10
0,3,0,0,3,47,0,5
0,3,0,0,3,290,10,7
0,3,0,0,3,258,0,10
0,3,0,0,4,11,1,7
0,3,0,0,4,12,0,6
0,3,0,0,4,14,4,10
0,3,0,0,4,15,1,6
0,3,0,0,4,16,0,4
0,3,0,0,4,17,0,6
0,3,0,0,4,18,0,5
0,3,0,0,4,19,0,6
0,3,0,0,4,20,6,8
0,3,0,0,4,22,3,5
0,3,0,0,4,25,0,6
0,3,0,0,4,25,0,6
0,3,0,0,4,25,0,7
0,3,0,0,4,29,0,9
0,3,0,0,4,30,1,6
0,3,0,0,4,31,0,7
0,3,0,0,4,34,0,8
0,3,0,0,4,35,3,10
0,3,0,0,4,35,3,7
0,3,0,0,4,35,12,4
0,3,0,0,4,37,9,7
0,3,0,0,4,38,0,9
0,3,0,0,4,39,3,5
0,3,0,0,4,40,1,7
0,3,0,0,4,40,4,10
0,3,0,0,4,40,6,10
0,3,0,0,4,43,1,7
0,3,0,0,4,43,2,10
0,3,0,0,4,44,0,5
0,3,0,0,4,45,0,6
0,3,0,0,4,114,10,6
0,3,0,0,4,127,3,6
0,3,0,0,4,242,6,8
0,3,0,0,4,126,9,7
0,3,0,0,4,243,10,10
0,3,0,0,4,136,12,10
0,3,0,0,4,112,1,10
0,3,0,0,4,254,9,6
0,3,0,0,4,290,13,5
0,3,0,0,4,89,15,7
0,3,0,1,1,12,1,7
0,3,0,1,1,12,9,4
0,3,0,1,1,14,0,9
0,3,0,1,1,14,0,6
0,3,0,1,1,14,2,10
0,3,0,1,1,14,3,4
0,3,0,1,1,15,0,4
0,3,0,1,1,15,8,9
0,3,0,1,1,18,5,4
0,3,0,1,1,20,7,4
0,3,0,1,1,22,1,4
0,3,0,1,1,23,0,10
0,3,0,1,1,25,0,9
0,3,0,1,1,26,1,7
0,3,0,1,1,28,1,6
0,3,0,1,1,30,1,9
0,3,0,1,1,32,0,9
0,3,0,1,1,32,3,10
0,3,0,1,1,32,3,4
0,3,0,1,1,34,0,5
0,3,0,1,1,34,1,7
0,3,0,1,1,34,2,4
0,3,0,1,1,35,2,5
0,3,0,1,1,36,0,9
0,3,0,1,1,36,0,10
0,3,0,1,1,36,4,7
0,3,0,1,1,38,0,6
0,3,0,1,1,39,0,8
0,3,0,1,1,40,0,5
0,3,0,1,1,42,1,4
0,3,0,1,1,43,0,10
0,3,0,1,1,44,2,6
0,3,0,1,1,47,1,6
0,3,0,1,1,48,2,10
0,3,0,1,1,49,0,10
0,3,0,1,1,49,0,6
0,3,0,1,1,201,8,6
0,3,0,1,1,54,3,9
0,3,0,1,1,190,6,4
0,3,0,1,1,238,5,4
0,3,0,1,1,219,11,4
0,3,0,1,1,97,6,8
0,3,0,1,1,226,1,9
0,3,0,1,1,260,15,10
0,3,0,1,1,94,44,4
0,3,0,1,1,112,14,4
0,3,0,1,1,272,5,4
0,3,0,1,1,174,9,4
0,3,0,1,1,60,1,8
0,3,0,1,1,64,14,5
0,3,0,1,1,69,4,7
0,3,0,1,1,219,13,6
0,3,0,1,2,11,3,4
0,3,0,1,2,11,5,10
0,3,0,1,2,16,0,9
0,3,0,1,2,17,1,9
0,3,0,1,2,19,0,5
0,3,0,1,2,20,3,4
0,3,0,1,2,22,0,7
0,3,0,1,2,23,3,9
0,3,0,1,2,24,0,4
0,3,0,1,2,24,0,6
0,3,0,1,2,24,2,8
0,3,0,1,2,30,0,6
0,3,0,1,2,31,0,5
0,3,0,1,2,31,2,7
0,3,0,1,2,33,0,6
0,3,0,1,2,35,1,9
0,3,0,1,2,37,1,7
0,3,0,1,2,37,2,10
0,3,0,1,2,39,0,8
0,3,0,1,2,41,0,8
0,3,0,1,2,42,3,6
0,3,0,1,2,44,0,5
0,3,0,1,2,45,0,9
0,3,0,1,2,47,0,9
0,3,0,1,2,47,4,10
0,3,0,1,2,199,2,5
0,3,0,1,2,119,5,6
0,3,0,1,2,174,1,8
0,3,0,1,2,112,7,6
0,3,0,1,3,11,1,5
0,3,0,1,3,11,2,4
0,3,0,1,3,17,2,9
0,3,0,1,3,19,5,10
0,3,0,1,3,20,2,5
0,3,0,1,3,22,1,7
0,3,0,1,3,27,2,7
0,3,0,1,3,31,0,6
0,3,0,1,3,31,3,10
0,3,0,1,3,36,0,4
0,3,0,1,3,41,4,9
0,3,0,1,3,49,0,5
0,3,0,1,3,202,10,10
0,3,0,1,3,255,1,8
0,3,0,1,3,297,8,8
0,3,0,1,3,184,7,8
0,3,0,1,4,13,0,9
0,3,0,1,4,13,0,5
0,3,0,1,4,13,1,9
0,3,0,1,4,15,1,6
0,3,0,1,4,16,0,9
0,3,0,1,4,18,0,6
0,3,0,1,4,18,0,5
0,3,0,1,4,18,0,10
0,3,0,1,4,20,0,10
0,3,0,1,4,20,4,10
0,3,0,1,4,21,0,7
0,3,0,1,4,21,0,7
0,3,0,1,4,21,1,7
0,3,0,1,4,22,0,8
0,3,0,1,4,23,3,8
0,3,0,1,4,24,1,5
0,3,0,1,4,24,4,5
0,3,0,1,4,25,0,4
0,3,0,1,4,25,2,4
0,3,0,1,4,25,2,9
0,3,0,1,4,25,6,5
0,3,0,1,4,26,0,4
0,3,0,1,4,26,0,9
0,3,0,1,4,27,0,6
0,3,0,1,4,27,1,6
0,3,0,1,4,31,0,7
0,3,0,1,4,31,0,5
0,3,0,1,4,32,1,6
0,3,0,1,4,32,1,10
0,3,0,1,4,34,1,5
0,3,0,1,4,34,1,5
0,3,0,1,4,36,2,8
0,3,0,1,4,36,2,10
0,3,0,1,4,36,6,8
0,3,0,1,4,37,2,9
0,3,0,1,4,38,0,10
0,3,0,1,4,38,2,7
0,3,0,1,4,39,0,10
0,3,0,1,4,39,0,7
0,3,0,1,4,40,3,4
0,3,0,1,4,42,0,9
0,3,0,1,4,42,4,8
0,3,0,1,4,43,0,10
0,3,0,1,4,43,3,9
0,3,0,1,4,43,6,5
0,3,0,1,4,44,0,9
0,3,0,1,4,44,1,5
0,3,0,1,4,45,1,10
0,3,0,1,4,46,0,9
0,3,0,1,4,47,4,8
0,3,0,1,4,48,0,7
0,3,0,1,4,48,0,4
0,3,0,1,4,48,6,10
0,3,0,1,4,49,0,10
0,3,0,1,4,49,3,7
0,3,0,1,4,49,5,5
0,3,0,1,4,176,11,10
0,3,0,1,4,236,7,6
0,3,0,1,4,101,12,7
0,3,0,1,4,270,7,6
0,3,0,1,4,172,4,8
0,3,0,1,4,135,7,6
0,3,0,1,4,286,12,9
0,3,0,1,4,259,11,10
0,3,0,1,4,163,1,7
0,3,0,1,4,143,25,10
0,3,0,1,4,171,4,8
0,3,0,1,4,245,5,7
0,3,0,1,4,108,9,4
0,3,0,1,4,64,1,5
0,3,1,0,1,11,0,7
0,3,1,0,1,11,0,5
0,3,1,0,1,11,7,10
0,3,1,0,1,12,0,5
0,3,1,0,1,13,0,9
0,3,1,0,1,13,1,4
0,3,1,0,1,13,1,5
0,3,1,0,1,14,0,4
0,3,1,0,1,14,2,7
0,3,1,0,1,15,0,6
0,3,1,0,1,15,6,5
0,3,1,0,1,16,0,10
0,3,1,0,1,16,0,9
0,3,1,0,1,16,3,8
0,3,1,0,1,17,0,6
0,3,1,0,1,17,0,6
0,3,1,0,1,17,0,7
0,3,1,0,1,17,2,6
0,3,1,0,1,17,3,10
0,3,1,0,1,17,4,6
0,3,1,0,1,18,0,7
0,3,1,0,1,18,0,6
0,3,1,0,1,19,0,4
0,3,1,0,1,19,0,4
0,3,1,0,1,19,0,7
0,3,1,0,1,19,0,9
0,3,1,0,1,19,2,10
0,3,1,0,1,19,7,6
0,3,1,0,1,20,0,5
0,3,1,0,1,20,1,4
0,3,1,0,1,21,0,5
0,3,1,0,1,21,0,4
0,3,1,0,1,22,5,5
0,3,1,0,1,23,2,6
0,3,1,0,1,24,0,7
0,3,1,0,1,24,4,6
0,3,1,0,1,25,0,8
0,3,1,0,1,25,0,8
0,3,1,0,1,25,0,6
0,3,1,0,1,25,1,8
0,3,1,0,1,25,1,10
0,3,1,0,1,25,2,4
0,3,1,0,1,26,0,10
0,3,1,0,1,26,0,6
0,3,1,0,1,26,1,8
0,3,1,0,1,26,1,4
0,3,1,0,1,26,2,8
0,3,1,0,1,27,0,8
0,3,1,0,1,27,0,4
0,3,1,0,1,27,5,9
0,3,1,0,1,28,0,6
0,3,1,0,1,28,0,5
0,3,1,0,1,29,0,8
0,3,1,0,1,29,1,10
0,3,1,0,1,29,3,9
0,3,1,0,1,30,1,8
0,3,1,0,1,30,3,6
0,3,1,0,1,30,4,4
0,3,1,0,1,31,0,8
0,3,1,0,1,32,0,5
0,3,1,0,1,32,1,4
0,3,1,0,1,33,0,4
0,3,1,0,1,33,2,9
0,3,1,0,1,34,0,4
0,3,1,0,1,35,0,9
0,3,1,0,1,35,0,8
0,3,1,0,1,35,1,8
0,3,1,0,1,36,0,8
0,3,1,0,1,36,0,4
0,3,1,0,1,36,0,4
0,3,1,0,1,37,0,5
0,3,1,0,1,37,1,7
0,3,1,0,1,38,0,7
0,3,1,0,1,39,0,5
0,3,1,0,1,39,0,6
0,3,1,0,1,40,0,10
0,3,1,0,1,40,0,7
0,3,1,0,1,40,1,10
0,3,1,0,1,41,0,10
0,3,1,0,1,41,0,5
0,3,1,0,1,41,2,6
0,3,1,0,1,42,1,5
0,3,1,0,1,42,1,8
0,3,1,0,1,42,6,6
0,3,1,0,1,43,0,10
0,3,1,0,1,43,1,9
0,3,1,0,1,43,1,4
0,3,1,0,1,44,7,5
0,3,1,0,1,45,0,8
0,3,1,0,1,45,1,8
0,3,1,0,1,46,0,8
0,3,1,0,1,46,0,7
0,3,1,0,1,46,2,10
0,3,1,0,1,46,3,8
0,3,1,0,1,46,3,5
0,3,1,0,1,46,5,6
0,3,1,0,1,46,11,9
0,3,1,0,1,47,0,6
0,3,1,0,1,47,0,4
0,3,1,0,1,47,3,9
0,3,1,0,1,47,5,6
0,3,1,0,1,48,0,5
0,3,1,0,1,48,2,9
0,3,1,0,1,49,0,9
0,3,1,0,1,49,1,10
0,3,1,0,1,49,1,4
0,3,1,0,1,49,2,4
0,3,1,0,1,49,7,6
0,3,1,0,1,53,10,4
0,3,1,0,1,112,16,10
0,3,1,0,1,64,2,6
0,3,1,0,1,151,7,10
0,3,1,0,1,172,0,7
0,3,1,0,1,59,30,6
0,3,1,0,1,152,6,5
0,3,1,0,1,50,14,6
0,3,1,0,1,127,0,8
0,3,1,0,1,206,13,5
0,3,1,0,1,173,2,10
0,3,1,0,1,284,7,9
0,3,1,0,1,115,14,5
0,3,1,0,1,254,14,7
0,3,1,0,1,89,3,6
0,3,1,0,1,51,4,4
0,3,1,0,1,158,3,4
0,3,1,0,1,209,7,6
0,3,1,0,1,248,10,7
0,3,1,0,2,11,0,4
0,3,1,0,2,12,0,10
0,3,1,0,2,12,0,6
0,3,1,0,2,12,1,9
0,3,1,0,2,13,0,6
0,3,1,0,2,14,0,7
0,3,1,0,2,14,1,4
0,3,1,0,2,14,1,6
0,3,1,0,2,14,2,10
0,3,1,0,2,15,0,9
0,3,1,0,2,16,1,7
0,3,1,0,2,16,1,5
0,3,1,0,2,16,2,4
0,3,1,0,2,17,0,6
0,3,1,0,2,17,3,6
0,3,1,0,2,18,1,8
0,3,1,0,2,20,2,8
0,3,1,0,2,20,3,9
0,3,1,0,2,22,0,8
0,3,1,0,2,22,0,9
0,3,1,0,2,22,1,5
0,3,1,0,2,23,4,5
0,3,1,0,2,24,0,7
0,3,1,0,2,25,1,9
0,3,1,0,2,25,2,10
0,3,1,0,2,26,0,4
0,3,1,0,2,26,5,10
0,3,1,0,2,27,0,4
0,3,1,0,2,27,1,4
0,3,1,0,2,27,1,5
0,3,1,0,2,27,3,4
0,3,1,0,2,27,4,9
0,3,1,0,2,28,0,5
0,3,1,0,2,28,1,9
0,3,1,0,2,29,1,8
0,3,1,0,2,29,3,7
0,3,1,0,2,30,3,9
0,3,1,0,2,30,5,4
0,3,1,0,2,31,0,4
0,3,1,0,2,31,2,9
0,3,1,0,2,33,0,10
0,3,1,0,2,35,0,7
0,3,1,0,2,35,0,10
0,3,1,0,2,35,2,10
0,3,1,0,2,36,0,10
0,3,1,0,2,36,0,10
0,3,1,0,2,36,0,4
0,3,1,0,2,36,2,8
0,3,1,0,2,37,0,7
0,3,1,0,2,37,0,8
0,3,1,0,2,37,1,6
0,3,1,0,2,38,0,4
0,3,1,0,2,38,1,9
0,3,1,0,2,38,2,8
0,3,1,0,2,39,0,5
0,3,1,0,2,39,1,7
0,3,1,0,2,40,0,5
0,3,1,0,2,41,0,7
0,3,1,0,2,42,0,5
0,3,1,0,2,42,2,8
0,3,1,0,2,42,3,6
0,3,1,0,2,44,0,4
0,3,1,0,2,44,3,4
0,3,1,0,2,45,0,7
0,3,1,0,2,45,0,5
0,3,1,0,2,46,3,7
0,3,1,0,2,47,0,10
0,3,1,0,2,48,0,7
0,3,1,0,2,48,5,9
0,3,1,0,2,82,11,9
0,3,1,0,2,119,12,6
0,3,1,0,2,186,1,10
0,3,1,0,2,75,5,10
0,3,1,0,2,229,12,7
0,3,1,0,3,11,0,6
0,3,1,0,3,11,1,9
0,3,1,0,3,11,3,9
0,3,1,0,3,13,0,5
0,3,1,0,3,14,1,8
0,3,1,0,3,15,0,6
0,3,1,0,3,15,0,6
0,3,1,0,3,15,2,10
0,3,1,0,3,16,0,8
0,3,1,0,3,16,4,9
0,3,1,0,3,16,4,10
0,3,1,0,3,17,0,10
0,3,1,0,3,17,0,9
0,3,1,0,3,22,2,8
0,3,1,0,3,23,0,4
0,3,1,0,3,23,0,8
0,3,1,0,3,28,0,7
0,3,1,0,3,28,1,4
0,3,1,0,3,28,1,8
0,3,1,0,3,29,0,9
0,3,1,0,3,30,0,5
0,3,1,0,3,30,1,5
0,3,1,0,3,30,7,5
0,3,1,0,3,31,0,4
0,3,1,0,3,33,0,7
0,3,1,0,3,35,0,7
0,3,1,0,3,35,0,7
0,3,1,0,3,35,4,4
0,3,1,0,3,36,0,10
0,3,1,0,3,36,0,10
0,3,1,0,3,36,1,4
0,3,1,0,3,40,0,7
0,3,1,0,3,41,1,6
0,3,1,0,3,43,3,6
0,3,1,0,3,46,0,7
0,3,1,0,3,47,0,7
0,3,1,0,3,276,8,5
0,3,1,0,3,203,0,7
0,3,1,0,3,276,0,4
0,3,1,0,3,56,17,5
0,3,1,0,4,11,0,7
0,3,1,0,4,11,1,9
0,3,1,0,4,11,1,7
0,3,1,0,4,11,1,4
0,3,1,0,4,11,2,4
0,3,1,0,4,11,3,5
0,3,1,0,4,12,0,7
0,3,1,0,4,13,0,5
0,3,1,0,4,13,0,6
0,3,1,0,4,13,1,8
0,3,1,0,4,13,1,5
0,3,1,0,4,13,2,4
0,3,1,0,4,14,0,8
0,3,1,0,4,15,0,6
0,3,1,0,4,15,0,6
0,3,1,0,4,15,0,4
0,3,1,0,4,15,1,10
0,3,1,0,4,16,0,8
0,3,1,0,4,16,1,8
0,3,1,0,4,16,7,8
0,3,1,0,4,17,0,4
0,3,1,0,4,17,0,6
0,3,1,0,4,17,3,8
0,3,1,0,4,18,0,5
0,3,1,0,4,18,0,8
0,3,1,0,4,18,0,7
0,3,1,0,4,19,1,7
0,3,1,0,4,19,1,5
0,3,1,0,4,20,0,7
0,3,1,0,4,20,5,10
0,3,1,0,4,21,0,7
0,3,1,0,4,21,0,4
0,3,1,0,4,21,1,4
0,3,1,0,4,21,2,6
0,3,1,0,4,21,2,6
0,3,1,0,4,22,0,6
0,3,1,0,4,22,0,10
0,3,1,0,4,22,0,10
0,3,1,0,4,22,0,6
0,3,1,0,4,22,0,4
0,3,1,0,4,23,0,5
0,3,1,0,4,23,0,10
0,3,1,0,4,23,1,5
0,3,1,0,4,23,7,10
0,3,1,0,4,25,0,10
0,3,1,0,4,26,0,7
0,3,1,0,4,26,0,5
0,3,1,0,4,27,0,5
0,3,1,0,4,27,1,10
0,3,1,0,4,28,1,7
0,3,1,0,4,28,1,6
0,3,1,0,4,28,5,4
0,3,1,0,4,29,0,4
0,3,1,0,4,29,1,10
0,3,1,0,4,30,0,6
0,3,1,0,4,30,0,6
0,3,1,0,4,30,0,6
0,3,1,0,4,31,0,7
0,3,1,0,4,31,1,6
0,3,1,0,4,31,3,5
0,3,1,0,4,31,4,5
0,3,1,0,4,32,0,9
0,3,1,0,4,32,0,7
0,3,1,0,4,32,2,6
0,3,1,0,4,33,0,7
0,3,1,0,4,33,0,7
0,3,1,0,4,34,0,7
0,3,1,0,4,34,3,8
0,3,1,0,4,34,4,10
0,3,1,0,4,34,5,9
0,3,1,0,4,35,0,10
0,3,1,0,4,35,2,7
0,3,1,0,4,38,0,9
0,3,1,0,4,38,0,5
0,3,1,0,4,38,1,7
0,3,1,0,4,40,0,8
0,3,1,0,4,40,0,4
0,3,1,0,4,40,2,10
0,3,1,0,4,40,7,10
0,3,1,0,4,41,0,5
0,3,1,0,4,41,0,7
0,3,1,0,4,41,1,10
0,3,1,0,4,42,1,5
0,3,1,0,4,42,6,5
0,3,1,0,4,43,0,10
0,3,1,0,4,43,0,5
0,3,1,0,4,43,1,8
0,3,1,0,4,43,1,6
0,3,1,0,4,44,0,9
0,3,1,0,4,44,3,7
0,3,1,0,4,44,8,9
0,3,1,0,4,45,0,7
0,3,1,0,4,45,0,8
0,3,1,0,4,45,1,8
0,3,1,0,4,46,0,5
0,3,1,0,4,46,0,10
0,3,1,0,4,46,0,4
0,3,1,0,4,47,0,10
0,3,1,0,4,47,2,6
0,3,1,0,4,48,0,9
0,3,1,0,4,49,0,7
0,3,1,0,4,49,0,4
0,3,1,0,4,49,0,8
0,3,1,0,4,49,1,5
0,3,1,0,4,49,5,5
0,3,1,0,4,136,0,9
0,3,1,0,4,257,67,8
0,3,1,0,4,256,6,7
0,3,1,0,4,149,0,6
0,3,1,0,4,165,6,7
0,3,1,0,4,166,3,4
0,3,1,0,4,224,10,7
0,3,1,0,4,106,27,6
0,3,1,0,4,69,5,9
0,3,1,0,4,190,3,6
0,3,1,0,4,211,40,9
0,3,1,0,4,260,2,10
0,3,1,0,4,283,13,9
0,3,1,1,1,11,0,7
0,3,1,1,1,11,1,7
0,3,1,1,1,11,11,4
0,3,1,1,1,12,1,9
0,3,1,1,1,12,1,10
0,3,1,1,1,12,6,8
0,3,1,1,1,13,0,8
0,3,1,1,1,13,0,4
0,3,1,1,1,13,0,10
0,3,1,1,1,13,0,4
0,3,1,1,1,13,1,8
0,3,1,1,1,14,0,8
0,3,1,1,1,14,0,8
0,3,1,1,1,14,1,7
0,3,1,1,1,14,1,5
0,3,1,1,1,14,1,5
0,3,1,1,1,14,4,9
0,3,1,1,1,14,5,4
0,3,1,1,1,14,5,6
0,3,1,1,1,15,0,7
0,3,1,1,1,15,0,7
0,3,1,1,1,15,3,8
0,3,1,1,1,15,9,7
0,3,1,1,1,16,0,6
0,3,1,1,1,16,1,5
0,3,1,1,1,16,3,6
0,3,1,1,1,17,0,5
0,3,1,1,1,17,0,7
0,3,1,1,1,17,0,6
0,3,1,1,1,17,2,6
0,3,1,1,1,18,0,4
0,3,1,1,1,18,0,7
0,3,1,1,1,18,3,6
0,3,1,1,1,18,4,5
0,3,1,1,1,19,0,10
0,3,1,1,1,19,1,8
0,3,1,1,1,19,1,7
0,3,1,1,1,19,2,4
0,3,1,1,1,19,2,9
0,3,1,1,1,19,6,5
0,3,1,1,1,20,0,9
0,3,1,1,1,20,0,7
0,3,1,1,1,20,1,4
0,3,1,1,1,20,3,5
0,3,1,1,1,21,0,10
0,3,1,1,1,21,0,8
0,3,1,1,1,21,0,6
0,3,1,1,1,21,1,8
0,3,1,1,1,21,1,8
0,3,1,1,1,21,2,7
0,3,1,1,1,22,0,10
0,3,1,1,1,22,6,10
0,3,1,1,1,23,0,9
0,3,1,1,1,23,0,4
0,3,1,1,1,23,0,9
0,3,1,1,1,23,4,10
0,3,1,1,1,23,6,8
0,3,1,1,1,24,0,9
0,3,1,1,1,24,0,10
0,3,1,1,1,24,0,6
0,3,1,1,1,24,0,5
0,3,1,1,1,24,0,8
0,3,1,1,1,24,1,10
0,3,1,1,1,25,1,5
0,3,1,1,1,25,1,8
0,3,1,1,1,25,1,6
0,3,1,1,1,26,0,8
0,3,1,1,1,26,0,9
0,3,1,1,1,26,0,10
0,3,1,1,1,26,0,10
0,3,1,1,1,26,2,4
0,3,1,1,1,27,0,8
0,3,1,1,1,27,0,7
0,3,1,1,1,27,2,6
0,3,1,1,1,27,2,4
0,3,1,1,1,27,3,9
0,3,1,1,1,27,3,7
0,3,1,1,1,28,0,4
0,3,1,1,1,28,0,8
0,3,1,1,1,28,0,10
0,3,1,1,1,28,1,10
0,3,1,1,1,28,2,9
0,3,1,1,1,29,0,9
0,3,1,1,1,29,0,8
0,3,1,1,1,29,0,9
0,3,1,1,1,30,0,6
0,3,1,1,1,30,0,7
0,3,1,1,1,30,1,8
0,3,1,1,1,31,0,4
0,3,1,1,1,31,0,7
0,3,1,1,1,31,2,9
0,3,1,1,1,32,1,5
0,3,1,1,1,32,2,7
0,3,1,1,1,32,2,10
0,3,1,1,1,32,3,8
0,3,1,1,1,32,6,6
0,3,1,1,1,33,0,4
0,3,1,1,1,33,0,6
0,3,1,1,1,33,0,5
0,3,1,1,1,33,1,6
0,3,1,1,1,33,2,9
0,3,1,1,1,34,0,4
0,3,1,1,1,34,0,9
0,3,1,1,1,34,10,9
0,3,1,1,1,34,10,5
0,3,1,1,1,35,0,4
0,3,1,1,1,35,0,6
0,3,1,1,1,35,0,5
0,3,1,1,1,35,0,5
0,3,1,1,1,35,0,8
0,3,1,1,1,35,0,6
0,3,1,1,1,35,0,5
0,3,1,1,1,35,0,8
0,3,1,1,1,35,1,7
0,3,1,1,1,35,1,7
0,3,1,1,1,36,0,7
0,3,1,1,1,36,0,9
0,3,1,1,1,36,0,6
0,3,1,1,1,36,1,6
0,3,1,1,1,36,1,6
0,3,1,1,1,36,1,9
0,3,1,1,1,36,1,7
0,3,1,1,1,36,2,8
0,3,1,1,1,37,0,10
0,3,1,1,1,37,1,4
0,3,1,1,1,37,1,8
0,3,1,1,1,37,3,8
0,3,1,1,1,37,12,9
0,3,1,1,1,38,1,5
0,3,1,1,1,39,0,8
0,3,1,1,1,39,0,8
0,3,1,1,1,39,0,8
0,3,1,1,1,39,0,5
0,3,1,1,1,39,1,6
0,3,1,1,1,39,1,6
0,3,1,1,1,39,7,8
0,3,1,1,1,40,0,5
0,3,1,1,1,40,1,6
0,3,1,1,1,40,1,6
0,3,1,1,1,40,1,6
0,3,1,1,1,41,0,4
0,3,1,1,1,41,0,10
0,3,1,1,1,41,1,5
0,3,1,1,1,41,1,5
0,3,1,1,1,41,1,6
0,3,1,1,1,41,1,6
0,3,1,1,1,41,2,9
0,3,1,1,1,41,3,4
0,3,1,1,1,41,4,9
0,3,1,1,1,41,11,7
0,3,1,1,1,42,0,8
0,3,1,1,1,42,0,5
0,3,1,1,1,42,0,6
0,3,1,1,1,42,1,4
0,3,1,1,1,42,1,10
0,3,1,1,1,42,2,8
0,3,1,1,1,42,2,10
0,3,1,1,1,42,4,5
0,3,1,1,1,42,5,7
0,3,1,1,1,43,0,9
0,3,1,1,1,43,0,4
0,3,1,1,1,43,2,10
0,3,1,1,1,43,3,9
0,3,1,1,1,44,0,5
0,3,1,1,1,44,0,10
0,3,1,1,1,45,1,6
0,3,1,1,1,45,1,5
0,3,1,1,1,45,2,9
0,3,1,1,1,45,6,6
0,3,1,1,1,46,0,6
0,3,1,1,1,46,0,10
0,3,1,1,1,46,2,10
0,3,1,1,1,46,5,4
0,3,1,1,1,47,0,7
0,3,1,1,1,47,1,7
0,3,1,1,1,48,5,9
0,3,1,1,1,49,0,6
0,3,1,1,1,49,1,10
0,3,1,1,1,49,1,10
0,3,1,1,1,49,1,5
0,3,1,1,1,167,9,7
0,3,1,1,1,65,15,5
0,3,1,1,1,182,5,6
0,3,1,1,1,98,12,4
0,3,1,1,1,246,30,6
0,3,1,1,1,255,33,7
0,3,1,1,1,290,1,5
0,3,1,1,1,212,4,4
0,3,1,1,1,176,4,5
0,3,1,1,1,181,5,6
0,3,1,1,1,275,15,10
0,3,1,1,1,262,5,10
0,3,1,1,1,160,4,6
0,3,1,1,1,262,1,5
0,3,1,1,1,83,10,4
0,3,1,1,1,196,5,10
0,3,1,1,1,209,8,5
0,3,1,1,1,58,1,7
0,3,1,1,1,136,1,4
0,3,1,1,1,251,3,8
0,3,1,1,1,226,9,7
0,3,1,1,1,123,6,7
0,3,1,1,2,11,0,7
0,3,1,1,2,11,0,5
0,3,1,1,2,11,2,4
0,3,1,1,2,12,1,9
0,3,1,1,2,13,0,4
0,3,1,1,2,13,0,10
0,3,1,1,2,13,11,7
0,3,1,1,2,14,0,4
0,3,1,1,2,14,2,5
0,3,1,1,2,15,2,9
0,3,1,1,2,16,0,10
0,3,1,1,2,16,1,7
0,3,1,1,2,17,1,9
0,3,1,1,2,18,3,6
0,3,1,1,2,18,3,6
0,3,1,1,2,18,4,4
0,3,1,1,2,20,0,8
0,3,1,1,2,20,1,7
0,3,1,1,2,21,2,9
0,3,1,1,2,21,8,5
0,3,1,1,2,22,0,9
0,3,1,1,2,23,0,10
0,3,1,1,2,23,0,4
0,3,1,1,2,23,4,7
0,3,1,1,2,24,4,8
0,3,1,1,2,25,0,4
0,3,1,1,2,26,0,4
0,3,1,1,2,26,1,8
0,3,1,1,2,27,1,7
0,3,1,1,2,27,1,7
0,3,1,1,2,28,1,10
0,3,1,1,2,29,0,7
0,3,1,1,2,29,0,8
0,3,1,1,2,29,0,6
0,3,1,1,2,29,1,6
0,3,1,1,2,29,1,6
0,3,1,1,2,30,0,8
0,3,1,1,2,30,0,7
0,3,1,1,2,30,2,9
0,3,1,1,2,31,0,6
0,3,1,1,2,31,0,9
0,3,1,1,2,31,1,5
0,3,1,1,2,32,1,6
0,3,1,1,2,32,1,6
0,3,1,1,2,32,1,4
0,3,1,1,2,33,0,4
0,3,1,1,2,33,0,4
0,3,1,1,2,33,5,7
0,3,1,1,2,34,2,10
0,3,1,1,2,35,0,9
0,3,1,1,2,36,1,7
0,3,1,1,2,37,0,5
0,3,1,1,2,38,1,7
0,3,1,1,2,39,0,6
0,3,1,1,2,39,0,7
0,3,1,1,2,40,1,8
0,3,1,1,2,40,1,4
0,3,1,1,2,40,2,8
0,3,1,1,2,41,2,6
0,3,1,1,2,43,3,8
0,3,1,1,2,45,0,8
0,3,1,1,2,45,3,6
0,3,1,1,2,46,0,7
0,3,1,1,2,46,2,5
0,3,1,1,2,47,0,4
0,3,1,1,2,47,1,7
0,3,1,1,2,47,2,6
0,3,1,1,2,49,0,8
0,3,1,1,2,49,1,9
0,3,1,1,2,131,2,10
0,3,1,1,2,177,18,8
0,3,1,1,2,153,4,10
0,3,1,1,2,218,3,7
0,3,1,1,3,13,2,5
0,3,1,1,3,14,0,4
0,3,1,1,3,18,0,5
0,3,1,1,3,18,4,6
0,3,1,1,3,19,1,7
0,3,1,1,3,21,0,8
0,3,1,1,3,21,0,10
0,3,1,1,3,21,3,5
0,3,1,1,3,22,4,10
0,3,1,1,3,23,2,6
0,3,1,1,3,23,2,4
0,3,1,1,3,24,0,9
0,3,1,1,3,27,0,5
0,3,1,1,3,30,1,9
0,3,1,1,3,31,0,6
0,3,1,1,3,31,1,5
0,3,1,1,3,32,2,9
0,3,1,1,3,33,1,9
0,3,1,1,3,34,1,10
0,3,1,1,3,34,1,10
0,3,1,1,3,34,1,4
0,3,1,1,3,35,0,10
0,3,1,1,3,38,0,4
0,3,1,1,3,38,1,4
0,3,1,1,3,38,2,6
0,3,1,1,3,39,0,9
0,3,1,1,3,39,0,7
0,3,1,1,3,40,0,9
0,3,1,1,3,40,2,9
0,3,1,1,3,41,0,6
0,3,1,1,3,43,0,10
0,3,1,1,3,44,1,6
0,3,1,1,3,204,24,8
0,3,1,1,4,11,0,5
0,3,1,1,4,11,7,7
0,3,1,1,4,12,0,5
0,3,1,1,4,12,1,4
0,3,1,1,4,12,2,4
0,3,1,1,4,12,2,9
0,3,1,1,4,12,3,10
0,3,1,1,4,13,1,8
0,3,1,1,4,15,0,10
0,3,1,1,4,15,0,7
0,3,1,1,4,15,0,9
0,3,1,1,4,15,0,10
0,3,1,1,4,15,1,8
0,3,1,1,4,15,1,5
0,3,1,1,4,16,0,9
0,3,1,1,4,16,0,7
0,3,1,1,4,16,1,5
0,3,1,1,4,16,4,9
0,3,1,1,4,17,0,10
0,3,1,1,4,17,12,5
0,3,1,1,4,18,0,4
0,3,1,1,4,18,2,5
0,3,1,1,4,19,0,8
0,3,1,1,4,19,0,6
0,3,1,1,4,20,0,6
0,3,1,1,4,20,0,6
0,3,1,1,4,20,0,7
0,3,1,1,4,20,0,8
0,3,1,1,4,20,0,10
0,3,1,1,4,20,0,9
0,3,1,1,4,21,0,10
0,3,1,1,4,21,1,4
0,3,1,1,4,21,3,9
0,3,1,1,4,21,4,7
0,3,1,1,4,22,0,5
0,3,1,1,4,22,1,4
0,3,1,1,4,22,1,6
0,3,1,1,4,22,1,7
0,3,1,1,4,22,7,5
0,3,1,1,4,23,0,10
0,3,1,1,4,23,0,6
0,3,1,1,4,24,1,6
0,3,1,1,4,24,2,5
0,3,1,1,4,25,0,4
0,3,1,1,4,25,1,7
0,3,1,1,4,25,1,5
0,3,1,1,4,26,1,10
0,3,1,1,4,27,0,5
0,3,1,1,4,27,1,6
0,3,1,1,4,27,3,9
0,3,1,1,4,28,2,8
0,3,1,1,4,29,0,6
0,3,1,1,4,30,0,10
0,3,1,1,4,30,0,4
0,3,1,1,4,30,0,9
0,3,1,1,4,30,1,5
0,3,1,1,4,30,5,4
0,3,1,1,4,31,0,7
0,3,1,1,4,31,1,7
0,3,1,1,4,31,2,4
0,3,1,1,4,32,0,6
0,3,1,1,4,32,2,4
0,3,1,1,4,33,1,5
0,3,1,1,4,33,3,4
0,3,1,1,4,33,8,4
0,3,1,1,4,34,0,9
0,3,1,1,4,35,0,10
0,3,1,1,4,35,0,7
0,3,1,1,4,35,0,4
0,3,1,1,4,35,0,9
0,3,1,1,4,35,1,8
0,3,1,1,4,36,0,5
0,3,1,1,4,37,0,4
0,3,1,1,4,37,1,7
0,3,1,1,4,37,1,8
0,3,1,1,4,37,1,7
0,3,1,1,4,37,2,8
0,3,1,1,4,37,6,10
0,3,1,1,4,38,0,6
0,3,1,1,4,38,1,8
0,3,1,1,4,38,3,7
0,3,1,1,4,38,4,9
0,3,1,1,4,38,6,10
0,3,1,1,4,39,0,9
0,3,1,1,4,39,1,10
0,3,1,1,4,39,1,7
0,3,1,1,4,39,2,8
0,3,1,1,4,40,0,7
0,3,1,1,4,40,1,8
0,3,1,1,4,40,1,10
0,3,1,1,4,41,0,10
0,3,1,1,4,41,0,10
0,3,1,1,4,41,0,10
0,3,1,1,4,41,0,6
0,3,1,1,4,42,0,9
0,3,1,1,4,42,0,9
0,3,1,1,4,42,1,8
0,3,1,1,4,42,1,9
0,3,1,1,4,42,2,6
0,3,1,1,4,42,6,10
0,3,1,1,4,43,2,6
0,3,1,1,4,43,2,5
0,3,1,1,4,43,2,9
0,3,1,1,4,43,3,5
0,3,1,1,4,43,9,4
0,3,1,1,4,44,0,8
0,3,1,1,4,44,0,6
0,3,1,1,4,44,0,7
0,3,1,1,4,44,2,5
0,3,1,1,4,44,2,8
0,3,1,1,4,45,0,4
0,3,1,1,4,45,1,10
0,3,1,1,4,46,0,9
0,3,1,1,4,46,0,8
0,3,1,1,4,46,0,5
0,3,1,1,4,46,1,5
0,3,1,1,4,46,7,7
0,3,1,1,4,47,0,10
0,3,1,1,4,47,0,10
0,3,1,1,4,47,1,8
0,3,1,1,4,48,3,10
0,3,1,1,4,49,0,8
0,3,1,1,4,49,0,6
0,3,1,1,4,49,3,4
0,3,1,1,4,49,6,7
0,3,1,1,4,49,6,6
0,3,1,1,4,276,33,9
0,3,1,1,4,89,8,8
0,3,1,1,4,145,5,8
0,3,1,1,4,108,6,10
0,3,1,1,4,225,5,4
0,3,1,1,4,250,23,9
0,3,1,1,4,108,6,10
0,3,1,1,4,151,1,7
0,3,1,1,4,211,0,6
0,3,1,1,4,111,1,7
0,3,1,1,4,88,2,5
0,3,1,1,4,169,0,7
0,3,1,1,4,193,16,10
0,3,1,1,4,276,13,6
0,3,1,1,4,204,8,4
0,3,1,1,4,90,6,6
0,3,1,1,4,169,6,4
0,3,1,1,4,226,5,10
0,3,1,1,4,155,28,10
0,3,1,1,4,103,9,6
0,3,1,1,4,66,0,8
0,3,1,1,4,98,12,5
0,3,1,1,4,242,27,4
0,3,1,1,4,181,21,9
0,3,1,1,4,72,28,4
0,3,1,1,4,168,7,6
0,3,1,1,4,284,11,6
0,3,1,1,4,271,9,9
0,3,1,1,4,224,10,6
0,3,1,1,4,54,11,7
0,3,1,1,4,242,36,6
0,3,1,1,4,298,0,9
0,3,1,1,4,251,16,4
0,3,1,1,4,257,3,4
0,3,1,1,4,68,6,5
0,3,1,1,4,198,14,6
0,3,1,1,4,283,3,5
0,4,0,0,1,14,2,10
0,4,0,0,1,15,0,8
0,4,0,0,1,15,9,4
0,4,0,0,1,17,0,10
0,4,0,0,1,18,0,5
0,4,0,0,1,18,2,7
0,4,0,0,1,19,0,9
0,4,0,0,1,19,0,4
0,4,0,0,1,22,0,6
0,4,0,0,1,23,0,6
0,4,0,0,1,24,0,6
0,4,0,0,1,25,0,7
0,4,0,0,1,26,0,8
0,4,0,0,1,26,3,9
0,4,0,0,1,26,8,4
0,4,0,0,1,27,3,7
0,4,0,0,1,30,0,10
0,4,0,0,1,30,0,6
0,4,0,0,1,30,1,5
0,4,0,0,1,30,2,10
0,4,0,0,1,32,0,10
0,4,0,0,1,34,0,6
0,4,0,0,1,35,0,10
0,4,0,0,1,35,0,8
0,4,0,0,1,40,1,9
0,4,0,0,1,40,10,10
0,4,0,0,1,41,1,4
0,4,0,0,1,41,3,7
0,4,0,0,1,46,4,6
0,4,0,0,1,49,1,8
0,4,0,0,1,66,7,8
0,4,0,0,1,269,7,9
0,4,0,0,1,176,4,8
0,4,0,0,1,265,5,7
0,4,0,0,1,178,2,10
0,4,0,0,1,151,4,8
0,4,0,0,1,109,6,9
0,4,0,0,1,68,4,10
0,4,0,0,1,236,3,7
0,4,0,0,1,210,7,9
0,4,0,0,1,125,0,4
0,4,0,0,1,69,11,9
0,4,0,0,1,95,3,10
0,4,0,0,1,284,6,5
0,4,0,0,1,273,7,5
0,4,0,0,1,52,6,6
0,4,0,0,1,215,4,7
0,4,0,0,1,293,9,6
0,4,0,0,1,188,11,7
0,4,0,0,1,155,1,8
0,4,0,0,1,202,4,6
0,4,0,0,1,284,10,6
0,4,0,0,1,98,3,4
0,4,0,0,1,101,8,6
0,4,0,0,2,11,0,4
0,4,0,0,2,11,1,4
0,4,0,0,2,12,0,4
0,4,0,0,2,13,1,6
0,4,0,0,2,14,2,7
0,4,0,0,2,17,1,6
0,4,0,0,2,20,0,9
0,4,0,0,2,21,0,5
0,4,0,0,2,28,0,5
0,4,0,0,2,28,3,10
0,4,0,0,2,32,1,5
0,4,0,0,2,33,0,10
0,4,0,0,2,35,0,10
0,4,0,0,2,37,1,10
0,4,0,0,2,38,0,9
0,4,0,0,2,41,2,6
0,4,0,0,2,44,1,4
0,4,0,0,2,45,0,9
0,4,0,0,2,45,1,5
0,4,0,0,2,48,4,7
0,4,0,0,2,138,25,8
0,4,0,0,2,275,19,10
0,4,0,0,2,190,1,5
0,4,0,0,2,273,16,4
0,4,0,0,2,228,5,5
0,4,0,0,3,11,3,10
0,4,0,0,3,26,2,7
0,4,0,0,3,33,0,9
0,4,0,0,3,34,0,7
0,4,0,0,3,35,2,9
0,4,0,0,3,36,6,5
0,4,0,0,3,37,2,8
0,4,0,0,3,43,0,4
0,4,0,0,3,48,1,8
0,4,0,0,3,49,4,10
0,4,0,0,4,12,0,10
0,4,0,0,4,15,0,8
0,4,0,0,4,16,4,6
0,4,0,0,4,18,1,9
0,4,0,0,4,19,0,10
0,4,0,0,4,19,3,9
0,4,0,0,4,20,4,4
0,4,0,0,4,21,1,6
0,4,0,0,4,23,1,10
0,4,0,0,4,25,0,4
0,4,0,0,4,25,0,5
0,4,0,0,4,25,2,4
0,4,0,0,4,25,5,4
0,4,0,0,4,26,8,6
0,4,0,0,4,27,0,9
0,4,0,0,4,30,3,6
0,4,0,0,4,33,7,9
0,4,0,0,4,39,2,4
0,4,0,0,4,42,0,5
0,4,0,0,4,44,5,8
0,4,0,0,4,45,0,8
0,4,0,0,4,46,1,10
0,4,0,0,4,47,4,5
0,4,0,0,4,48,0,9
0,4,0,0,4,48,4,5
0,4,0,0,4,194,24,10
0,4,0,0,4,285,3,6
0,4,0,0,4,126,20,9
0,4,0,0,4,162,10,8
0,4,0,0,4,222,11,8
0,4,0,0,4,138,2,8
0,4,0,0,4,148,10,8
0,4,0,0,4,145,2,4
0,4,0,1,1,11,0,9
0,4,0,1,1,11,1,10
0,4,0,1,1,13,0,6
0,4,0,1,1,13,1,5
0,4,0,1,1,13,1,7
0,4,0,1,1,14,2,10
0,4,0,1,1,15,0,7
0,4,0,1,1,16,0,7
0,4,0,1,1,17,1,7
0,4,0,1,1,19,0,4
0,4,0,1,1,19,6,9
0,4,0,1,1,21,0,7
0,4,0,1,1,21,0,7
0,4,0,1,1,22,1,4
0,4,0,1,1,22,3,10
0,4,0,1,1,23,0,6
0,4,0,1,1,24,1,7
0,4,0,1,1,25,0,10
0,4,0,1,1,27,0,8
0,4,0,1,1,27,1,8
0,4,0,1,1,31,0,10
0,4,0,1,1,31,0,8
0,4,0,1,1,32,0,4
0,4,0,1,1,32,1,4
0,4,0,1,1,33,0,10
0,4,0,1,1,33,1,4
0,4,0,1,1,33,7,9
0,4,0,1,1,35,1,9
0,4,0,1,1,36,2,8
0,4,0,1,1,37,1,9
0,4,0,1,1,38,1,5
0,4,0,1,1,39,6,10
0,4,0,1,1,40,0,6
0,4,0,1,1,40,1,4
0,4,0,1,1,40,2,5
0,4,0,1,1,41,0,4
0,4,0,1,1,42,0,10
0,4,0,1,1,42,3,7
0,4,0,1,1,44,2,7
0,4,0,1,1,44,2,8
0,4,0,1,1,44,5,10
0,4,0,1,1,45,0,7
0,4,0,1,1,45,0,7
0,4,0,1,1,45,1,10
0,4,0,1,1,48,0,10
0,4,0,1,1,48,6,4
0,4,0,1,1,49,1,9
0,4,0,1,1,49,5,8
0,4,0,1,1,117,4,8
0,4,0,1,1,60,8,5
0,4,0,1,1,84,8,7
0,4,0,1,1,120,6,7
0,4,0,1,1,257,2,8
0,4,0,1,1,292,9,10
0,4,0,1,1,156,0,7
0,4,0,1,1,90,2,7
0,4,0,1,1,56,8,9
0,4,0,1,1,248,3,7
0,4,0,1,1,229,8,7
0,4,0,1,1,185,3,4
0,4,0,1,1,186,11,4
0,4,0,1,1,262,11,9
0,4,0,1,2,12,0,9
0,4,0,1,2,12,0,9
0,4,0,1,2,16,1,6
0,4,0,1,2,18,1,6
0,4,0,1,2,19,0,10
0,4,0,1,2,19,4,10
0,4,0,1,2,19,6,8
0,4,0,1,2,21,0,5
0,4,0,1,2,33,0,5
0,4,0,1,2,35,0,6
0,4,0,1,2,36,0,6
0,4,0,1,2,37,5,9
0,4,0,1,2,41,0,5
0,4,0,1,2,44,0,5
0,4,0,1,2,44,0,10
0,4,0,1,2,45,4,7
0,4,0,1,2,46,5,9
0,4,0,1,2,47,1,8
0,4,0,1,2,47,1,8
0,4,0,1,2,49,0,9
0,4,0,1,2,214,29,8
0,4,0,1,2,211,10,5
0,4,0,1,2,193,6,10
0,4,0,1,3,16,0,5
0,4,0,1,3,23,1,10
0,4,0,1,3,24,3,6
0,4,0,1,3,25,0,10
0,4,0,1,3,28,0,9
0,4,0,1,3,33,0,9
0,4,0,1,3,34,0,10
0,4,0,1,3,34,0,8
0,4,0,1,3,36,1,8
0,4,0,1,3,41,4,5
0,4,0,1,3,42,1,4
0,4,0,1,3,43,0,10
0,4,0,1,3,44,1,5
0,4,0,1,3,46,1,9
0,4,0,1,3,48,1,8
0,4,0,1,3,49,1,5
0,4,0,1,3,292,2,9
0,4,0,1,3,299,11,4
0,4,0,1,3,187,10,10
0,4,0,1,4,11,0,6
0,4,0,1,4,11,2,7
0,4,0,1,4,12,0,6
0,4,0,1,4,12,0,9
0,4,0,1,4,16,2,9
0,4,0,1,4,18,0,8
0,4,0,1,4,18,1,8
0,4,0,1,4,21,0,5
0,4,0,1,4,21,1,5
0,4,0,1,4,21,1,4
0,4,0,1,4,22,0,9
0,4,0,1,4,22,1,5
0,4,0,1,4,22,6,9
0,4,0,1,4,24,0,10
0,4,0,1,4,25,1,6
0,4,0,1,4,26,3,8
0,4,0,1,4,29,0,7
0,4,0,1,4,30,0,6
0,4,0,1,4,30,0,4
0,4,0,1,4,30,1,6
0,4,0,1,4,30,2,4
0,4,0,1,4,31,0,8
0,4,0,1,4,31,15,4
0,4,0,1,4,32,0,5
0,4,0,1,4,34,0,10
0,4,0,1,4,36,0,5
0,4,0,1,4,38,0,8
0,4,0,1,4,38,3,6
0,4,0,1,4,39,0,5
0,4,0,1,4,39,6,8
0,4,0,1,4,42,0,6
0,4,0,1,4,45,2,9
0,4,0,1,4,46,1,10
0,4,0,1,4,47,1,10
0,4,0,1,4,49,0,4
0,4,0,1,4,71,18,7
0,4,0,1,4,104,7,10
0,4,0,1,4,79,7,9
0,4,0,1,4,77,8,10
0,4,0,1,4,216,22,7
0,4,0,1,4,207,0,4
0,4,0,1,4,284,12,4
0,4,0,1,4,112,7,9
0,4,0,1,4,171,5,7
0,4,0,1,4,60,17,4
0,4,0,1,4,60,1,10
0,4,0,1,4,267,2,8
0,4,0,1,4,116,3,10
0,4,0,1,4,135,7,6
0,4,0,1,4,231,6,9
0,4,1,0,1,11,0,7
0,4,1,0,1,11,0,9
0,4,1,0,1,12,1,5
0,4,1,0,1,12,9,6
0,4,1,0,1,13,0,6
0,4,1,0,1,13,1,7
0,4,1,0,1,13,2,6
0,4,1,0,1,14,0,8
0,4,1,0,1,14,0,4
0,4,1,0,1,14,1,8
0,4,1,0,1,14,1,8
0,4,1,0,1,14,2,7
0,4,1,0,1,14,4,4
0,4,1,0,1,14,7,8
0,4,1,0,1,15,0,5
0,4,1,0,1,15,2,5
0,4,1,0,1,16,0,8
0,4,1,0,1,16,3,6
0,4,1,0,1,17,0,10
0,4,1,0,1,17,9,10
0,4,1,0,1,18,0,5
0,4,1,0,1,18,1,8
0,4,1,0,1,18,1,7
0,4,1,0,1,18,5,4
0,4,1,0,1,19,0,8
0,4,1,0,1,19,0,9
0,4,1,0,1,19,0,8
0,4,1,0,1,20,0,9
0,4,1,0,1,20,0,10
0,4,1,0,1,20,7,7
0,4,1,0,1,21,0,4
0,4,1,0,1,21,0,10
0,4,1,0,1,22,0,6
0,4,1,0,1,22,0,8
0,4,1,0,1,22,0,5
0,4,1,0,1,22,1,5
0,4,1,0,1,22,1,9
0,4,1,0,1,22,5,7
0,4,1,0,1,23,0,5
0,4,1,0,1,23,0,9
0,4,1,0,1,23,0,8
0,4,1,0,1,23,3,8
0,4,1,0,1,24,0,4
0,4,1,0,1,24,0,10
0,4,1,0,1,24,0,5
0,4,1,0,1,25,0,8
0,4,1,0,1,25,0,9
0,4,1,0,1,25,0,4
0,4,1,0,1,25,2,10
0,4,1,0,1,26,0,6
0,4,1,0,1,26,0,10
0,4,1,0,1,26,1,4
0,4,1,0,1,26,5,8
0,4,1,0,1,27,0,4
0,4,1,0,1,27,0,10
0,4,1,0,1,27,0,5
0,4,1,0,1,27,0,4
0,4,1,0,1,27,2,8
0,4,1,0,1,28,0,8
0,4,1,0,1,28,0,6
0,4,1,0,1,28,0,10
0,4,1,0,1,29,1,6
0,4,1,0,1,30,3,7
0,4,1,0,1,30,4,9
0,4,1,0,1,30,6,4
0,4,1,0,1,31,0,7
0,4,1,0,1,31,0,10
0,4,1,0,1,31,1,7
0,4,1,0,1,31,3,10
0,4,1,0,1,32,0,5
0,4,1,0,1,32,0,4
0,4,1,0,1,32,0,4
0,4,1,0,1,32,1,8
0,4,1,0,1,32,2,10
0,4,1,0,1,32,6,7
0,4,1,0,1,33,0,8
0,4,1,0,1,33,0,10
0,4,1,0,1,33,0,9
0,4,1,0,1,33,1,4
0,4,1,0,1,33,1,7
0,4,1,0,1,34,4,4
0,4,1,0,1,34,5,9
0,4,1,0,1,35,0,8
0,4,1,0,1,35,0,5
0,4,1,0,1,35,0,5
0,4,1,0,1,35,1,5
0,4,1,0,1,35,1,9
0,4,1,0,1,35,2,8
0,4,1,0,1,35,2,4
0,4,1,0,1,35,3,6
0,4,1,0,1,36,1,5
0,4,1,0,1,37,0,10
0,4,1,0,1,37,2,6
0,4,1,0,1,38,0,7
0,4,1,0,1,38,3,10
0,4,1,0,1,39,0,4
0,4,1,0,1,39,1,9
0,4,1,0,1,39,1,8
0,4,1,0,1,40,0,6
0,4,1,0,1,40,0,8
0,4,1,0,1,40,0,8
0,4,1,0,1,40,1,4
0,4,1,0,1,41,1,7
0,4,1,0,1,41,1,10
0,4,1,0,1,41,2,8
0,4,1,0,1,41,3,5
0,4,1,0,1,42,1,8
0,4,1,0,1,42,2,6
0,4,1,0,1,43,1,4
0,4,1,0,1,43,5,7
0,4,1,0,1,44,1,7
0,4,1,0,1,45,0,4
0,4,1,0,1,45,1,4
0,4,1,0,1,46,0,5
0,4,1,0,1,46,0,6
0,4,1,0,1,46,1,9
0,4,1,0,1,46,5,10
0,4,1,0,1,46,12,10
0,4,1,0,1,47,0,9
0,4,1,0,1,47,0,7
0,4,1,0,1,47,0,5
0,4,1,0,1,48,0,6
0,4,1,0,1,48,1,5
0,4,1,0,1,48,5,4
0,4,1,0,1,49,0,10
0,4,1,0,1,49,1,10
0,4,1,0,1,49,1,5
0,4,1,0,1,86,8,7
0,4,1,0,1,127,2,7
0,4,1,0,1,286,72,10
0,4,1,0,1,281,14,7
0,4,1,0,1,294,9,8
0,4,1,0,1,158,32,7
0,4,1,0,1,183,5,6
0,4,1,0,1,53,2,4
0,4,1,0,1,109,11,9
0,4,1,0,1,269,4,5
0,4,1,0,1,131,3,6
0,4,1,0,1,189,17,10
0,4,1,0,1,70,2,7
0,4,1,0,1,130,10,4
0,4,1,0,1,60,5,7
0,4,1,0,1,112,0,10
0,4,1,0,1,291,29,6
0,4,1,0,1,222,2,6
0,4,1,0,1,276,172,9
0,4,1,0,1,273,5,8
0,4,1,0,2,11,0,7
0,4,1,0,2,11,0,9
0,4,1,0,2,11,1,7
0,4,1,0,2,13,0,9
0,4,1,0,2,13,0,5
0,4,1,0,2,13,1,8
0,4,1,0,2,14,0,7
0,4,1,0,2,14,4,6
0,4,1,0,2,15,0,4
0,4,1,0,2,15,1,8
0,4,1,0,2,16,0,8
0,4,1,0,2,16,0,4
0,4,1,0,2,16,1,9
0,4,1,0,2,16,6,5
0,4,1,0,2,17,5,6
0,4,1,0,2,18,2,5
0,4,1,0,2,20,0,7
0,4,1,0,2,20,0,6
0,4,1,0,2,20,1,4
0,4,1,0,2,20,3,10
0,4,1,0,2,21,16,6
0,4,1,0,2,22,1,5
0,4,1,0,2,23,1,7
0,4,1,0,2,24,1,5
0,4,1,0,2,24,6,5
0,4,1,0,2,25,1,9
0,4,1,0,2,26,3,5
0,4,1,0,2,27,0,4
0,4,1,0,2,27,0,10
0,4,1,0,2,28,0,10
0,4,1,0,2,28,1,6
0,4,1,0,2,29,0,8
0,4,1,0,2,29,4,9
0,4,1,0,2,30,0,7
0,4,1,0,2,30,1,9
0,4,1,0,2,31,4,4
0,4,1,0,2,34,0,10
0,4,1,0,2,34,1,8
0,4,1,0,2,34,3,4
0,4,1,0,2,34,3,7
0,4,1,0,2,34,3,6
0,4,1,0,2,34,7,5
0,4,1,0,2,35,0,6
0,4,1,0,2,35,2,6
0,4,1,0,2,36,0,4
0,4,1,0,2,36,0,6
0,4,1,0,2,36,2,10
0,4,1,0,2,37,1,4
0,4,1,0,2,37,3,7
0,4,1,0,2,38,1,5
0,4,1,0,2,38,1,7
0,4,1,0,2,39,0,4
0,4,1,0,2,39,0,6
0,4,1,0,2,39,1,6
0,4,1,0,2,40,0,9
0,4,1,0,2,40,0,7
0,4,1,0,2,40,0,7
0,4,1,0,2,40,2,5
0,4,1,0,2,41,0,10
0,4,1,0,2,41,0,8
0,4,1,0,2,41,1,4
0,4,1,0,2,42,4,6
0,4,1,0,2,43,0,4
0,4,1,0,2,44,3,5
0,4,1,0,2,45,0,9
0,4,1,0,2,46,0,10
0,4,1,0,2,46,0,10
0,4,1,0,2,48,0,9
0,4,1,0,2,48,0,4
0,4,1,0,2,48,1,6
0,4,1,0,2,49,0,4
0,4,1,0,2,49,0,4
0,4,1,0,2,49,2,4
0,4,1,0,2,137,8,8
0,4,1,0,2,181,151,6
0,4,1,0,2,115,18,9
0,4,1,0,2,77,7,8
0,4,1,0,2,144,10,9
0,4,1,0,2,248,9,5
0,4,1,0,3,11,1,9
0,4,1,0,3,13,1,4
0,4,1,0,3,13,2,4
0,4,1,0,3,14,0,7
0,4,1,0,3,14,1,9
0,4,1,0,3,15,0,5
0,4,1,0,3,15,0,9
0,4,1,0,3,15,5,10
0,4,1,0,3,16,0,7
0,4,1,0,3,18,0,6
0,4,1,0,3,18,0,4
0,4,1,0,3,18,0,9
0,4,1,0,3,18,1,9
0,4,1,0,3,18,4,10
0,4,1,0,3,19,0,7
0,4,1,0,3,19,3,9
0,4,1,0,3,21,2,10
0,4,1,0,3,22,1,5
0,4,1,0,3,22,11,5
0,4,1,0,3,23,1,9
0,4,1,0,3,23,4,7
0,4,1,0,3,24,1,8
0,4,1,0,3,25,3,9
0,4,1,0,3,26,1,9
0,4,1,0,3,27,0,8
0,4,1,0,3,27,0,7
0,4,1,0,3,28,1,8
0,4,1,0,3,28,1,9
0,4,1,0,3,28,2,8
0,4,1,0,3,29,1,7
0,4,1,0,3,29,3,4
0,4,1,0,3,30,1,8
0,4,1,0,3,30,1,5
0,4,1,0,3,32,0,6
0,4,1,0,3,34,0,8
0,4,1,0,3,34,1,8
0,4,1,0,3,37,0,9
0,4,1,0,3,37,1,10
0,4,1,0,3,39,0,4
0,4,1,0,3,39,0,9
0,4,1,0,3,39,0,7
0,4,1,0,3,40,0,7
0,4,1,0,3,40,0,5
0,4,1,0,3,40,0,6
0,4,1,0,3,41,0,10
0,4,1,0,3,43,0,8
0,4,1,0,3,43,1,4
0,4,1,0,3,43,1,4
0,4,1,0,3,46,0,10
0,4,1,0,3,47,0,4
0,4,1,0,3,48,0,5
0,4,1,0,3,48,1,10
0,4,1,0,3,49,1,8
0,4,1,0,3,260,7,8
0,4,1,0,3,112,15,4
0,4,1,0,3,211,8,6
0,4,1,0,3,189,38,10
0,4,1,0,4,11,0,6
0,4,1,0,4,11,2,9
0,4,1,0,4,12,1,9
0,4,1,0,4,12,1,10
0,4,1,0,4,13,0,6
0,4,1,0,4,13,0,9
0,4,1,0,4,14,0,8
0,4,1,0,4,14,0,6
0,4,1,0,4,15,0,4
0,4,1,0,4,15,1,4
0,4,1,0,4,16,0,4
0,4,1,0,4,16,0,10
0,4,1,0,4,16,0,9
0,4,1,0,4,17,1,6
0,4,1,0,4,18,0,5
0,4,1,0,4,18,1,6
0,4,1,0,4,18,1,5
0,4,1,0,4,19,0,7
0,4,1,0,4,20,0,4
0,4,1,0,4,20,0,10
0,4,1,0,4,20,1,9
0,4,1,0,4,22,0,7
0,4,1,0,4,22,0,10
0,4,1,0,4,22,4,6
0,4,1,0,4,23,9,8
0,4,1,0,4,24,0,8
0,4,1,0,4,24,0,6
0,4,1,0,4,24,3,4
0,4,1,0,4,24,9,7
0,4,1,0,4,25,0,4
0,4,1,0,4,25,3,8
0,4,1,0,4,26,0,7
0,4,1,0,4,26,0,9
0,4,1,0,4,26,0,4
0,4,1,0,4,26,1,5
0,4,1,0,4,27,0,8
0,4,1,0,4,27,1,7
0,4,1,0,4,28,1,4
0,4,1,0,4,28,4,6
0,4,1,0,4,29,0,5
0,4,1,0,4,29,0,7
0,4,1,0,4,29,0,10
0,4,1,0,4,29,0,9
0,4,1,0,4,29,1,5
0,4,1,0,4,29,1,8
0,4,1,0,4,29,2,6
0,4,1,0,4,30,0,10
0,4,1,0,4,30,1,4
0,4,1,0,4,31,0,6
0,4,1,0,4,31,1,4
0,4,1,0,4,31,1,7
0,4,1,0,4,31,2,6
0,4,1,0,4,32,3,7
0,4,1,0,4,33,0,7
0,4,1,0,4,33,0,4
0,4,1,0,4,33,0,9
0,4,1,0,4,34,1,10
0,4,1,0,4,34,1,4
0,4,1,0,4,34,1,5
0,4,1,0,4,34,4,9
0,4,1,0,4,35,0,4
0,4,1,0,4,35,0,7
0,4,1,0,4,35,0,4
0,4,1,0,4,35,2,5
0,4,1,0,4,36,0,5
0,4,1,0,4,36,2,7
0,4,1,0,4,36,13,9
0,4,1,0,4,37,0,8
0,4,1,0,4,37,0,7
0,4,1,0,4,37,0,9
0,4,1,0,4,37,1,7
0,4,1,0,4,37,3,9
0,4,1,0,4,37,10,5
0,4,1,0,4,38,0,6
0,4,1,0,4,38,0,5
0,4,1,0,4,39,0,6
0,4,1,0,4,39,5,4
0,4,1,0,4,41,0,5
0,4,1,0,4,41,1,8
0,4,1,0,4,41,5,6
0,4,1,0,4,42,0,9
0,4,1,0,4,42,0,6
0,4,1,0,4,42,1,10
0,4,1,0,4,43,3,4
0,4,1,0,4,43,7,10
0,4,1,0,4,44,0,6
0,4,1,0,4,44,0,4
0,4,1,0,4,44,1,7
0,4,1,0,4,45,0,6
0,4,1,0,4,45,0,8
0,4,1,0,4,45,0,7
0,4,1,0,4,46,0,4
0,4,1,0,4,46,0,9
0,4,1,0,4,47,0,9
0,4,1,0,4,47,0,8
0,4,1,0,4,47,0,4
0,4,1,0,4,48,1,6
0,4,1,0,4,48,4,9
0,4,1,0,4,49,1,5
0,4,1,0,4,49,1,6
0,4,1,0,4,114,23,6
0,4,1,0,4,69,18,10
0,4,1,0,4,178,3,4
0,4,1,0,4,269,1,6
0,4,1,0,4,119,5,5
0,4,1,0,4,86,22,10
0,4,1,0,4,218,18,9
0,4,1,0,4,70,24,10
0,4,1,0,4,268,14,8
0,4,1,0,4,217,11,10
0,4,1,0,4,299,22,5
0,4,1,0,4,203,4,9
0,4,1,0,4,226,8,8
0,4,1,0,4,111,2,6
0,4,1,0,4,68,0,7
0,4,1,0,4,108,4,10
0,4,1,0,4,256,7,7
0,4,1,0,4,70,3,4
0,4,1,0,4,164,7,7
0,4,1,0,4,179,60,8
0,4,1,1,1,11,0,6
0,4,1,1,1,11,2,5
0,4,1,1,1,11,5,10
0,4,1,1,1,12,1,9
0,4,1,1,1,12,1,7
0,4,1,1,1,12,3,10
0,4,1,1,1,12,4,9
0,4,1,1,1,12,9,8
0,4,1,1,1,13,0,8
0,4,1,1,1,13,0,8
0,4,1,1,1,13,0,10
0,4,1,1,1,13,1,6
0,4,1,1,1,13,2,4
0,4,1,1,1,14,0,8
0,4,1,1,1,14,0,10
0,4,1,1,1,14,0,8
0,4,1,1,1,14,0,8
0,4,1,1,1,14,0,8
0,4,1,1,1,14,1,7
0,4,1,1,1,14,1,10
0,4,1,1,1,15,0,6
0,4,1,1,1,15,0,6
0,4,1,1,1,15,0,5
0,4,1,1,1,15,0,10
0,4,1,1,1,15,0,10
0,4,1,1,1,16,0,7
0,4,1,1,1,16,0,10
0,4,1,1,1,16,0,9
0,4,1,1,1,17,0,6
0,4,1,1,1,17,1,9
0,4,1,1,1,18,0,8
0,4,1,1,1,18,0,7
0,4,1,1,1,18,1,10
0,4,1,1,1,19,0,10
0,4,1,1,1,19,0,7
0,4,1,1,1,19,0,5
0,4,1,1,1,19,1,6
0,4,1,1,1,19,1,8
0,4,1,1,1,19,1,7
0,4,1,1,1,19,1,7
0,4,1,1,1,20,0,10
0,4,1,1,1,20,0,5
0,4,1,1,1,20,1,8
0,4,1,1,1,21,0,4
0,4,1,1,1,21,1,4
0,4,1,1,1,21,2,7
0,4,1,1,1,21,4,10
0,4,1,1,1,22,0,7
0,4,1,1,1,22,0,10
0,4,1,1,1,24,0,5
0,4,1,1,1,24,0,9
0,4,1,1,1,24,1,10
0,4,1,1,1,25,0,6
0,4,1,1,1,25,0,7
0,4,1,1,1,25,0,8
0,4,1,1,1,25,0,9
0,4,1,1,1,25,0,9
0,4,1,1,1,25,0,6
0,4,1,1,1,26,0,7
0,4,1,1,1,26,0,7
0,4,1,1,1,26,0,6
0,4,1,1,1,26,0,5
0,4,1,1,1,26,0,5
0,4,1,1,1,26,0,4
0,4,1,1,1,27,0,6
0,4,1,1,1,27,0,8
0,4,1,1,1,27,1,9
0,4,1,1,1,27,2,8
0,4,1,1,1,27,6,9
0,4,1,1,1,28,0,10
0,4,1,1,1,28,0,4
0,4,1,1,1,28,0,4
0,4,1,1,1,28,0,10
0,4,1,1,1,28,1,4
0,4,1,1,1,28,6,5
0,4,1,1,1,28,6,8
0,4,1,1,1,29,1,5
0,4,1,1,1,29,1,8
0,4,1,1,1,29,1,5
0,4,1,1,1,29,1,7
0,4,1,1,1,29,2,6
0,4,1,1,1,29,5,10
0,4,1,1,1,30,0,8
0,4,1,1,1,30,0,7
0,4,1,1,1,30,0,6
0,4,1,1,1,30,1,4
0,4,1,1,1,30,3,8
0,4,1,1,1,31,0,8
0,4,1,1,1,31,0,8
0,4,1,1,1,31,0,8
0,4,1,1,1,32,0,9
0,4,1,1,1,32,0,9
0,4,1,1,1,32,2,5
0,4,1,1,1,32,4,5
0,4,1,1,1,33,0,7
0,4,1,1,1,33,0,8
0,4,1,1,1,33,1,7
0,4,1,1,1,34,3,7
0,4,1,1,1,35,4,4
0,4,1,1,1,35,8,5
0,4,1,1,1,36,0,9
0,4,1,1,1,36,0,5
0,4,1,1,1,36,0,9
0,4,1,1,1,36,2,7
0,4,1,1,1,37,0,4
0,4,1,1,1,37,0,6
0,4,1,1,1,37,0,5
0,4,1,1,1,37,0,7
0,4,1,1,1,38,1,9
0,4,1,1,1,38,2,5
0,4,1,1,1,38,3,8
0,4,1,1,1,38,4,10
0,4,1,1,1,39,0,9
0,4,1,1,1,39,0,4
0,4,1,1,1,39,0,10
0,4,1,1,1,39,1,5
0,4,1,1,1,39,1,7
0,4,1,1,1,40,0,6
0,4,1,1,1,40,0,5
0,4,1,1,1,40,1,7
0,4,1,1,1,41,0,9
0,4,1,1,1,41,0,8
0,4,1,1,1,41,1,6
0,4,1,1,1,41,2,6
0,4,1,1,1,41,8,10
0,4,1,1,1,42,0,6
0,4,1,1,1,42,0,5
0,4,1,1,1,42,1,5
0,4,1,1,1,43,0,4
0,4,1,1,1,43,0,9
0,4,1,1,1,43,0,8
0,4,1,1,1,43,0,9
0,4,1,1,1,43,1,5
0,4,1,1,1,43,1,10
0,4,1,1,1,44,0,9
0,4,1,1,1,44,0,8
0,4,1,1,1,44,1,8
0,4,1,1,4,37,0,7
0,4,1,1,4,37,4,6
0,4,1,1,4,37,5,10
0,4,1,1,4,38,0,7
0,4,1,1,4,38,1,5
0,4,1,1,4,38,4,10
0,4,1,1,4,39,0,4
0,4,1,1,4,39,0,9
0,4,1,1,4,39,0,9
0,4,1,1,4,39,0,10
0,4,1,1,4,39,3,8
0,4,1,1,4,40,0,9
0,4,1,1,4,40,0,7
0,4,1,1,4,40,0,6
0,4,1,1,4,40,0,4
0,4,1,1,4,40,0,10
0,4,1,1,4,40,1,8
0,4,1,1,4,40,1,6
0,4,1,1,4,40,5,6
0,4,1,1,4,40,11,9
0,4,1,1,4,41,0,7
0,4,1,1,4,41,1,8
0,4,1,1,4,42,0,9
0,4,1,1,4,43,0,9
0,4,1,1,4,43,0,8
0,4,1,1,4,43,4,8
0,4,1,1,4,43,14,6
0,4,1,1,4,44,0,4
0,4,1,1,4,44,0,7
0,4,1,1,4,44,0,8
0,4,1,1,4,44,0,6
0,4,1,1,4,44,0,4
0,4,1,1,4,44,1,7
0,4,1,1,4,44,4,9
0,4,1,1,4,45,4,9
0,4,1,1,4,45,9,6
0,4,1,1,4,46,0,9
0,4,1,1,4,46,6,6
0,4,1,1,4,47,0,5
0,4,1,1,4,48,0,7
0,4,1,1,4,48,0,4
0,4,1,1,4,48,1,4
0,4,1,1,4,48,1,9
0,4,1,1,4,48,3,8
0,4,1,1,4,48,11,7
0,4,1,1,4,49,0,7
0,4,1,1,4,49,0,8
0,4,1,1,4,49,1,6
0,4,1,1,4,49,1,5
0,4,1,1,4,49,4,5
0,4,1,1,4,49,9,6
0,4,1,1,4,253,1,9
0,4,1,1,4,136,4,7
0,4,1,1,4,257,8,10
0,4,1,1,4,279,22,7
0,4,1,1,4,148,4,9
0,4,1,1,4,299,3,5
0,4,1,1,4,181,10,7
0,4,1,1,4,267,3,9
0,4,1,1,4,183,2,6
0,4,1,1,4,198,7,8
0,4,1,1,4,223,23,4
0,4,1,1,4,278,28,9
0,4,1,1,4,152,2,6
0,4,1,1,4,83,2,9
0,4,1,1,4,113,2,10
0,4,1,1,4,123,1,8
0,4,1,1,4,81,30,4
0,4,1,1,4,147,3,10
0,4,1,1,4,223,0,8
0,4,1,1,4,62,1,5
0,4,1,1,4,97,9,8
0,4,1,1,4,159,19,8
0,4,1,1,4,157,6,8
0,4,1,1,4,230,17,8
0,4,1,1,4,299,0,10
0,4,1,1,4,187,0,5
1,1,0,0,1,14,0,2
1,1,0,0,1,14,2,2
1,1,0,0,1,15,2,2
1,1,0,0,1,17,1,3
1,1,0,0,1,18,1,1
1,1,0,0,1,20,2,3
1,1,0,0,1,21,0,3
1,1,0,0,1,21,2,1
1,1,0,0,1,23,0,4
1,1,0,0,1,26,1,2
1,1,0,0,1,28,2,4
1,1,0,0,1,34,0,3
1,1,0,0,1,38,4,2
1,1,0,0,1,41,0,1
1,1,0,0,1,45,0,4
1,1,0,0,1,45,6,3
1,1,0,0,1,48,1,1
1,1,0,0,1,49,4,4
1,1,0,0,1,158,6,2
1,1,0,0,1,223,18,4
1,1,0,0,1,265,12,1
1,1,0,0,1,174,6,1
1,1,0,0,1,239,10,4
1,1,0,0,1,104,7,2
1,1,0,0,1,197,9,1
1,1,0,0,2,12,1,4
1,1,0,0,2,15,0,3
1,1,0,0,2,16,0,3
1,1,0,0,2,17,1,1
1,1,0,0,2,17,2,2
1,1,0,0,2,20,0,2
1,1,0,0,2,21,4,1
1,1,0,0,2,23,2,3
1,1,0,0,2,27,7,2
1,1,0,0,2,28,1,1
1,1,0,0,2,28,3,4
1,1,0,0,2,32,1,4
1,1,0,0,2,39,2,1
1,1,0,0,2,39,3,1
1,1,0,0,2,44,0,4
1,1,0,0,2,45,0,3
1,1,0,0,2,47,0,1
1,1,0,0,2,66,6,1
1,1,0,0,2,86,8,1
1,1,0,0,3,11,3,2
1,1,0,0,3,13,0,3
1,1,0,0,3,14,1,1
1,1,0,0,3,20,0,3
1,1,0,0,3,23,2,3
1,1,0,0,3,27,1,3
1,1,0,0,3,33,0,2
1,1,0,0,3,37,0,4
1,1,0,0,3,38,3,4
1,1,0,0,3,46,6,2
1,1,0,0,3,272,16,2
1,1,0,0,3,225,29,3
1,1,0,0,3,96,16,2
1,1,0,0,4,13,0,4
1,1,0,0,4,13,4,1
1,1,0,0,4,15,1,4
1,1,0,0,4,17,0,4
1,1,0,0,4,17,0,1
1,1,0,0,4,18,0,1
1,1,0,0,4,22,3,2
1,1,0,0,4,23,0,4
1,1,0,0,4,24,2,1
1,1,0,0,4,25,4,2
1,1,0,0,4,28,1,1
1,1,0,0,4,30,0,4
1,1,0,0,4,34,1,2
1,1,0,0,4,36,1,4
1,1,0,0,4,37,0,3
1,1,0,0,4,39,0,3
1,1,0,0,4,40,1,4
1,1,0,0,4,41,3,4
1,1,0,0,4,43,4,4
1,1,0,0,4,45,0,3
1,1,0,0,4,45,1,4
1,1,0,0,4,49,4,3
1,1,0,0,4,292,8,1
1,1,0,0,4,218,2,3
1,1,0,0,4,243,1,3
1,1,0,0,4,271,6,1
1,1,0,0,4,194,11,1
1,1,0,0,4,69,6,3
1,1,0,0,4,249,2,1
1,1,0,1,1,11,1,1
1,1,0,1,1,12,8,2
1,1,0,1,1,14,0,2
1,1,0,1,1,14,4,1
1,1,0,1,1,14,6,1
1,1,0,1,1,15,0,1
1,1,0,1,1,15,3,3
1,1,0,1,1,17,4,2
1,1,0,1,1,18,1,2
1,1,0,1,1,18,3,1
1,1,0,1,1,21,6,3
1,1,0,1,1,22,3,3
1,1,0,1,1,29,2,2
1,1,0,1,1,30,0,3
1,1,0,1,1,30,0,3
1,1,0,1,1,30,0,2
1,1,0,1,1,30,0,2
1,1,0,1,1,31,0,4
1,1,0,1,1,31,0,4
1,1,0,1,1,35,1,2
1,1,0,1,1,36,1,3
1,1,0,1,1,38,0,2
1,1,0,1,1,38,1,3
1,1,0,1,1,38,2,2
1,1,0,1,1,40,1,1
1,1,0,1,1,41,0,4
1,1,0,1,1,43,0,4
1,1,0,1,1,46,0,4
1,1,0,1,1,47,0,3
1,1,0,1,1,47,0,1
1,1,0,1,1,49,0,1
1,1,0,1,1,49,4,1
1,1,0,1,1,146,6,1
1,1,0,1,1,51,58,3
1,1,0,1,1,69,22,3
1,1,0,1,1,121,5,3
1,1,0,1,1,278,8,2
1,1,0,1,1,158,4,1
1,1,0,1,1,285,3,4
1,1,0,1,1,93,4,2
1,1,0,1,1,222,3,2
1,1,0,1,1,84,10,1
1,1,0,1,1,68,6,2
1,1,0,1,1,63,7,3
1,1,0,1,1,227,22,4
1,1,0,1,1,221,9,1
1,1,0,1,1,286,6,4
1,1,0,1,1,236,3,1
1,1,0,1,2,11,0,2
1,1,0,1,2,13,1,1
1,1,0,1,2,13,1,4
1,1,0,1,2,15,3,2
1,1,0,1,2,15,4,3
1,1,0,1,2,15,5,4
1,1,0,1,2,18,5,3
1,1,0,1,2,22,0,1
1,1,0,1,2,22,3,2
1,1,0,1,2,23,0,3
1,1,0,1,2,25,1,4
1,1,0,1,2,28,1,3
1,1,0,1,2,28,3,2
1,1,0,1,2,29,0,4
1,1,0,1,2,29,0,3
1,1,0,1,2,32,2,3
1,1,0,1,2,34,0,1
1,1,0,1,2,37,2,3
1,1,0,1,2,37,6,3
1,1,0,1,2,38,0,1
1,1,0,1,2,40,0,1
1,1,0,1,2,44,0,2
1,1,0,1,2,48,0,4
1,1,0,1,2,197,5,4
1,1,0,1,2,92,4,3
1,1,0,1,2,134,6,2
1,1,0,1,3,17,1,2
1,1,0,1,3,19,0,1
1,1,0,1,3,19,1,3
1,1,0,1,3,32,1,3
1,1,0,1,3,47,1,1
1,1,0,1,3,246,10,2
1,1,0,1,4,13,0,3
1,1,0,1,4,18,0,1
1,1,0,1,4,20,0,3
1,1,0,1,4,24,3,4
1,1,0,1,4,25,0,4
1,1,0,1,4,26,3,3
1,1,0,1,4,27,0,4
1,1,0,1,4,27,2,3
1,1,0,1,4,29,13,4
1,1,0,1,4,35,1,3
1,1,0,1,4,36,3,2
1,1,0,1,4,40,2,3
1,1,0,1,4,41,3,1
1,1,0,1,4,42,0,2
1,1,0,1,4,42,0,1
1,1,0,1,4,43,0,4
1,1,0,1,4,43,2,4
1,1,0,1,4,47,2,3
1,1,0,1,4,47,3,5
1,1,0,1,4,48,0,2
1,1,0,1,4,78,5,1
1,1,0,1,4,227,7,1
1,1,0,1,4,111,12,3
1,1,0,1,4,236,3,4
1,1,0,1,4,290,1,4
1,1,0,1,4,250,5,3
1,1,0,1,4,258,5,1
1,1,0,1,4,61,11,4
1,1,0,1,4,152,19,1
1,1,0,1,4,70,17,8
1,1,0,1,4,285,5,3
1,1,0,1,4,104,1,4
1,1,0,1,4,116,25,2
1,1,1,0,1,12,0,4
1,1,1,0,1,12,0,2
1,1,1,0,1,12,1,3
1,1,1,0,1,12,2,1
1,1,1,0,1,12,2,1
1,1,1,0,1,12,2,2
1,1,1,0,1,12,2,3
1,1,1,0,1,13,0,1
1,1,1,0,1,13,0,2
1,1,1,0,1,13,0,3
1,1,1,0,1,14,0,2
1,1,1,0,1,14,0,3
1,1,1,0,1,15,0,3
1,1,1,0,1,16,0,2
1,1,1,0,1,17,0,1
1,1,1,0,1,17,0,3
1,1,1,0,1,18,0,1
1,1,1,0,1,18,0,2
1,1,1,0,1,18,0,3
1,1,1,0,1,18,8,3
1,1,1,0,1,19,0,2
1,1,1,0,1,19,2,2
1,1,1,0,1,20,6,4
1,1,1,0,1,21,0,1
1,1,1,0,1,21,0,2
1,1,1,0,1,21,1,2
1,1,1,0,1,23,4,1
1,1,1,0,1,23,5,1
1,1,1,0,1,25,0,2
1,1,1,0,1,25,0,2
1,1,1,0,1,25,1,2
1,1,1,0,1,28,0,4
1,1,1,0,1,28,0,4
1,1,1,0,1,28,1,4
1,1,1,0,1,29,1,1
1,1,1,0,1,29,9,4
1,1,1,0,1,30,1,7
1,1,1,0,1,30,1,2
1,1,1,0,1,30,2,4
1,1,1,0,1,30,3,4
1,1,1,0,1,32,0,4
1,1,1,0,1,32,1,4
1,1,1,0,1,32,1,2
1,1,1,0,1,32,6,1
1,1,1,0,1,32,7,4
1,1,1,0,1,33,0,2
1,1,1,0,1,33,0,3
1,1,1,0,1,33,1,3
1,1,1,0,1,33,2,4
1,1,1,0,1,33,4,3
1,1,1,0,1,34,0,4
1,1,1,0,1,35,0,4
1,1,1,0,1,35,0,1
1,1,1,0,1,36,0,2
1,1,1,0,1,36,2,1
1,1,1,0,1,37,0,1
1,1,1,0,1,37,1,4
1,1,1,0,1,37,1,3
1,1,1,0,1,38,3,3
1,1,1,0,1,39,0,2
1,1,1,0,1,39,1,3
1,1,1,0,1,39,2,7
1,1,1,0,1,39,2,3
1,1,1,0,1,40,1,3
1,1,1,0,1,41,4,4
1,1,1,0,1,42,0,3
1,1,1,0,1,42,0,1
1,1,1,0,1,43,0,1
1,1,1,0,1,43,1,4
1,1,1,0,1,44,2,2
1,1,1,0,1,44,2,1
1,1,1,0,1,44,14,4
1,1,1,0,1,45,0,1
1,1,1,0,1,45,2,4
1,1,1,0,1,46,0,4
1,1,1,0,1,46,3,1
1,1,1,0,1,46,6,1
1,1,1,0,1,47,1,4
1,1,1,0,1,48,0,4
1,1,1,0,1,48,1,4
1,1,1,0,1,49,2,1
1,1,1,0,1,49,5,3
1,1,1,0,1,299,12,2
1,1,1,0,1,51,0,3
1,1,1,0,1,197,8,4
1,1,1,0,1,143,7,2
1,1,1,0,1,249,1,1
1,1,1,0,1,88,7,2
1,1,1,0,1,155,11,4
1,1,1,0,1,131,5,4
1,1,1,0,1,85,2,3
1,1,1,0,1,140,42,4
1,1,1,0,1,87,1,3
1,1,1,0,1,173,17,1
1,1,1,0,1,244,1,3
1,1,1,0,1,65,5,1
1,1,1,0,1,248,11,1
1,1,1,0,1,124,15,2
1,1,1,0,1,261,8,3
1,1,1,0,1,115,8,6
1,1,1,0,1,82,11,4
1,1,1,0,1,106,12,3
1,1,1,0,1,292,5,3
1,1,1,0,1,238,1,3
1,1,1,0,1,290,7,4
1,1,1,0,1,102,17,1
1,1,1,0,1,299,37,2
1,1,1,0,1,224,8,5
1,1,1,0,1,162,3,2
1,1,1,0,1,129,29,3
1,1,1,0,2,12,0,2
1,1,1,0,2,12,0,9
1,1,1,0,2,12,0,3
1,1,1,0,2,12,4,2
1,1,1,0,2,17,0,4
1,1,1,0,2,17,1,4
1,1,1,0,2,19,0,1
1,1,1,0,2,19,2,4
1,1,1,0,2,20,19,1
1,1,1,0,2,21,1,3
1,1,1,0,2,21,1,4
1,1,1,0,2,22,0,4
1,1,1,0,2,22,3,1
1,1,1,0,2,23,1,3
1,1,1,0,2,23,3,2
1,1,1,0,2,24,1,1
1,1,1,0,2,26,4,2
1,1,1,0,2,27,0,6
1,1,1,0,2,27,1,4
1,1,1,0,2,28,1,1
1,1,1,0,2,29,0,4
1,1,1,0,2,30,0,3
1,1,1,0,2,31,9,2
1,1,1,0,2,31,17,4
1,1,1,0,2,32,1,4
1,1,1,0,2,34,0,3
1,1,1,0,2,35,0,3
1,1,1,0,2,37,3,1
1,1,1,0,2,38,0,4
1,1,1,0,2,43,1,4
1,1,1,0,2,46,1,2
1,1,1,0,2,47,0,1
1,1,1,0,2,48,0,4
1,1,1,0,2,48,1,3
1,1,1,0,2,48,4,3
1,1,1,0,2,49,0,1
1,1,1,0,2,212,10,6
1,1,1,0,2,249,17,2
1,1,1,0,3,11,0,3
1,1,1,0,3,11,1,4
1,1,1,0,3,13,0,4
1,1,1,0,3,15,0,3
1,1,1,0,3,15,1,2
1,1,1,0,3,15,3,2
1,1,1,0,3,17,0,1
1,1,1,0,3,19,1,1
1,1,1,0,3,20,0,1
1,1,1,0,3,21,1,2
1,1,1,0,3,23,1,3
1,1,1,0,3,24,0,8
1,1,1,0,3,24,2,3
1,1,1,0,3,25,2,3
1,1,1,0,3,26,0,3
1,1,1,0,3,26,2,1
1,1,1,0,3,29,3,2
1,1,1,0,3,30,3,2
1,1,1,0,3,36,2,4
1,1,1,0,3,38,0,4
1,1,1,0,3,38,6,3
1,1,1,0,3,38,11,3
1,1,1,0,3,39,0,3
1,1,1,0,3,40,0,3
1,1,1,0,3,40,3,1
1,1,1,0,3,41,1,1
1,1,1,0,3,41,3,4
1,1,1,0,3,42,2,2
1,1,1,0,3,43,2,3
1,1,1,0,3,45,0,3
1,1,1,0,3,46,2,4
1,1,1,0,3,47,1,4
1,1,1,0,3,47,4,4
1,1,1,0,3,48,1,2
1,1,1,0,3,48,4,1
1,1,1,0,3,49,1,3
1,1,1,0,3,49,5,4
1,1,1,0,3,192,11,1
1,1,1,0,3,273,11,3
1,1,1,0,3,114,0,1
1,1,1,0,3,192,10,1
1,1,1,0,3,78,5,1
1,1,1,0,4,11,1,3
1,1,1,0,4,13,0,4
1,1,1,0,4,13,0,3
1,1,1,0,4,14,2,1
1,1,1,0,4,15,2,4
1,1,1,0,4,15,4,2
1,1,1,0,4,16,0,4
1,1,1,0,4,16,1,1
1,1,1,0,4,16,5,3
1,1,1,0,4,17,0,3
1,1,1,0,4,17,2,3
1,1,1,0,4,17,2,3
1,1,1,0,4,18,2,3
1,1,1,0,4,19,1,2
1,1,1,0,4,20,0,2
1,1,1,0,4,21,4,3
1,1,1,0,4,22,1,3
1,1,1,0,4,22,1,3
1,1,1,0,4,23,0,3
1,1,1,0,4,23,0,4
1,1,1,0,4,23,1,1
1,1,1,0,4,23,2,1
1,1,1,0,4,23,8,2
1,1,1,0,4,24,0,5
1,1,1,0,4,24,0,2
1,1,1,0,4,24,0,3
1,1,1,0,4,26,0,2
1,1,1,0,4,26,0,1
1,1,1,0,4,26,0,2
1,1,1,0,4,26,1,4
1,1,1,0,4,28,4,8
1,1,1,0,4,29,1,1
1,1,1,0,4,30,0,2
1,1,1,0,4,30,0,3
1,1,1,0,4,30,1,3
1,1,1,0,4,30,2,3
1,1,1,0,4,31,1,1
1,1,1,0,4,32,1,4
1,1,1,0,4,32,5,2
1,1,1,0,4,34,0,3
1,1,1,0,4,34,0,9
1,1,1,0,4,34,7,1
1,1,1,0,4,35,0,4
1,1,1,0,4,35,0,3
1,1,1,0,4,35,1,2
1,1,1,0,4,36,4,3
1,1,1,0,4,37,0,3
1,1,1,0,4,37,1,3
1,1,1,0,4,37,1,4
1,1,1,0,4,38,4,1
1,1,1,0,4,39,2,2
1,1,1,0,4,39,5,1
1,1,1,0,4,39,6,4
1,1,1,0,4,40,0,5
1,1,1,0,4,40,0,4
1,1,1,0,4,42,0,1
1,1,1,0,4,44,0,3
1,1,1,0,4,45,0,2
1,1,1,0,4,45,1,3
1,1,1,0,4,45,2,9
1,1,1,0,4,45,3,4
1,1,1,0,4,46,0,2
1,1,1,0,4,46,0,1
1,1,1,0,4,46,0,3
1,1,1,0,4,46,1,3
1,1,1,0,4,46,5,4
1,1,1,0,4,47,0,1
1,1,1,0,4,48,0,1
1,1,1,0,4,48,0,3
1,1,1,0,4,48,0,1
1,1,1,0,4,48,0,3
1,1,1,0,4,48,0,2
1,1,1,1,1,13,0,2
1,1,1,1,1,13,2,2
1,1,1,1,1,14,0,1
1,1,1,1,1,14,0,3
1,1,1,1,1,14,3,1
1,1,1,1,1,15,0,4
1,1,1,1,1,15,2,2
1,1,1,1,1,15,15,4
1,1,1,1,1,16,0,4
1,1,1,1,1,16,0,3
1,1,1,1,1,16,1,4
1,1,1,1,1,17,0,2
1,1,1,1,1,17,0,2
1,1,1,1,1,17,1,2
1,1,1,1,1,17,1,7
1,1,1,1,1,17,4,1
1,1,1,1,1,18,1,1
1,1,1,1,1,18,8,2
1,1,1,1,1,19,0,4
1,1,1,1,1,20,0,3
1,1,1,1,1,20,0,8
1,1,1,1,1,20,3,4
1,1,1,1,1,22,0,2
1,1,1,1,1,22,0,4
1,1,1,1,1,22,0,2
1,1,1,1,1,22,4,3
1,1,1,1,1,23,0,1
1,1,1,1,1,23,0,1
1,1,1,1,1,23,0,1
1,1,1,1,1,23,0,9
1,1,1,1,1,24,0,3
1,1,1,1,1,24,0,1
1,1,1,1,1,24,4,1
1,1,1,1,1,25,0,4
1,1,1,1,1,25,1,1
1,1,1,1,1,26,0,10
1,1,1,1,1,26,1,2
1,1,1,1,1,27,1,1
1,1,1,1,1,27,4,2
1,1,1,1,1,28,1,3
1,1,1,1,1,28,4,4
1,1,1,1,1,29,0,4
1,1,1,1,1,29,2,2
1,1,1,1,1,30,0,1
1,1,1,1,1,30,0,1
1,1,1,1,1,31,3,3
1,1,1,1,1,32,0,7
1,1,1,1,1,32,0,2
1,1,1,1,1,32,1,4
1,1,1,1,1,33,0,2
1,1,1,1,1,33,0,4
1,1,1,1,1,34,0,3
1,1,1,1,1,34,1,1
1,1,1,1,1,34,4,4
1,1,1,1,1,34,6,6
1,1,1,1,1,35,0,1
1,1,1,1,1,36,0,3
1,1,1,1,1,36,0,1
1,1,1,1,1,36,0,2
1,1,1,1,1,36,1,2
1,1,1,1,1,36,1,1
1,1,1,1,1,37,0,7
1,1,1,1,1,37,0,1
1,1,1,1,1,37,0,1
1,1,1,1,1,38,0,4
1,1,1,1,1,38,0,1
1,1,1,1,1,38,0,8
1,1,1,1,1,38,0,2
1,1,1,1,1,38,0,4
1,1,1,1,1,38,1,3
1,1,1,1,1,38,2,4
1,1,1,1,1,40,0,2
1,1,1,1,1,40,1,5
1,1,1,1,1,42,3,1
1,1,1,1,1,42,7,3
1,1,1,1,1,43,0,2
1,1,1,1,1,43,2,2
1,1,1,1,1,44,0,4
1,1,1,1,1,44,0,9
1,1,1,1,1,44,0,1
1,1,1,1,1,44,0,3
1,1,1,1,1,44,3,4
1,1,1,1,1,45,0,7
1,1,1,1,1,45,1,3
1,1,1,1,1,46,0,2
1,1,1,1,1,46,1,1
1,1,1,1,1,46,1,1
1,1,1,1,1,46,7,1
1,1,1,1,1,46,9,1
1,1,1,1,1,47,0,2
1,1,1,1,1,47,1,6
1,1,1,1,1,47,6,3
1,1,1,1,1,47,23,1
1,1,1,1,1,48,0,2
1,1,1,1,1,48,1,1
1,1,1,1,1,48,1,1
1,1,1,1,1,48,3,2
1,1,1,1,4,15,3,2
1,1,1,1,4,16,0,3
1,1,1,1,4,18,2,1
1,1,1,1,4,19,0,2
1,1,1,1,4,19,2,1
1,1,1,1,4,19,3,2
1,1,1,1,4,19,3,2
1,1,1,1,4,20,0,1
1,1,1,1,4,20,0,4
1,1,1,1,4,20,0,1
1,1,1,1,4,21,0,4
1,1,1,1,4,21,0,3
1,1,1,1,4,21,0,3
1,1,1,1,4,21,0,2
1,1,1,1,4,21,3,1
1,1,1,1,4,21,5,3
1,1,1,1,4,22,0,4
1,1,1,1,4,22,0,2
1,1,1,1,4,22,0,3
1,1,1,1,4,24,0,2
1,1,1,1,4,24,0,1
1,1,1,1,4,24,1,4
1,1,1,1,4,24,1,3
1,1,1,1,4,25,1,3
1,1,1,1,4,25,2,1
1,1,1,1,4,26,0,1
1,1,1,1,4,26,1,2
1,1,1,1,4,26,4,3
1,1,1,1,4,26,12,4
1,1,1,1,4,27,0,1
1,1,1,1,4,27,0,3
1,1,1,1,4,27,1,2
1,1,1,1,4,27,1,4
1,1,1,1,4,27,1,2
1,1,1,1,4,27,2,2
1,1,1,1,4,28,1,3
1,1,1,1,4,28,7,2
1,1,1,1,4,29,0,3
1,1,1,1,4,30,0,1
1,1,1,1,4,30,2,1
1,1,1,1,4,30,10,1
1,1,1,1,4,32,0,2
1,1,1,1,4,32,0,2
1,1,1,1,4,33,0,4
1,1,1,1,4,35,1,4
1,1,1,1,4,36,0,1
1,1,1,1,4,36,0,3
1,1,1,1,4,36,3,2
1,1,1,1,4,36,12,4
1,1,1,1,4,37,0,2
1,1,1,1,4,37,1,4
1,1,1,1,4,37,2,3
1,1,1,1,4,38,0,1
1,1,1,1,4,38,1,1
1,1,1,1,4,38,2,4
1,1,1,1,4,39,0,1
1,1,1,1,4,39,0,4
1,1,1,1,4,39,0,4
1,1,1,1,4,39,1,2
1,1,1,1,4,40,0,2
1,1,1,1,4,40,0,2
1,1,1,1,4,40,2,2
1,1,1,1,4,41,1,2
1,1,1,1,4,41,2,4
1,1,1,1,4,41,2,1
1,1,1,1,4,42,0,2
1,1,1,1,4,42,0,2
1,1,1,1,4,42,1,1
1,1,1,1,4,42,6,2
1,1,1,1,4,43,0,2
1,1,1,1,4,43,0,3
1,1,1,1,4,43,7,3
1,1,1,1,4,44,1,4
1,1,1,1,4,44,2,4
1,1,1,1,4,47,0,2
1,1,1,1,4,47,0,4
1,1,1,1,4,47,7,4
1,1,1,1,4,48,0,4
1,1,1,1,4,48,1,2
1,1,1,1,4,49,0,2
1,1,1,1,4,49,1,4
1,1,1,1,4,49,1,3
1,1,1,1,4,162,0,4
1,1,1,1,4,86,14,3
1,1,1,1,4,204,1,2
1,1,1,1,4,123,0,1
1,1,1,1,4,174,1,1
1,1,1,1,4,297,43,8
1,1,1,1,4,118,13,2
1,1,1,1,4,261,1,3
1,1,1,1,4,84,7,3
1,1,1,1,4,112,2,1
1,1,1,1,4,173,4,4
1,1,1,1,4,109,9,2
1,1,1,1,4,109,16,4
1,1,1,1,4,134,1,4
1,1,1,1,4,295,4,4
1,1,1,1,4,138,6,1
1,1,1,1,4,201,4,1
1,1,1,1,4,188,3,3
1,1,1,1,4,119,7,2
1,1,1,1,4,84,0,4
1,1,1,1,4,185,8,2
1,2,0,0,1,13,6,1
1,2,0,0,1,14,0,1
1,2,0,0,1,15,0,1
1,2,0,0,1,19,0,4
1,2,0,0,1,20,0,5
1,2,0,0,1,20,18,3
1,2,0,0,1,21,2,2
1,2,0,0,1,22,1,1
1,2,0,0,1,24,0,1
1,2,0,0,1,24,4,1
1,2,0,0,1,26,1,3
1,2,0,0,1,28,1,2
1,2,0,0,1,31,6,3
1,2,0,0,1,34,4,3
1,2,0,0,1,35,1,4
1,2,0,0,1,35,5,3
1,2,0,0,1,36,0,2
1,2,0,0,1,39,0,2
1,2,0,0,1,39,4,3
1,2,0,0,1,42,0,2
1,2,0,0,1,43,1,1
1,2,0,0,1,44,5,3
1,2,0,0,1,46,0,4
1,2,0,0,1,48,10,1
1,2,0,0,1,111,6,2
1,2,0,0,1,159,4,1
1,2,0,0,1,132,5,3
1,2,0,0,1,104,4,1
1,2,0,0,1,55,10,1
1,2,0,0,1,106,4,1
1,2,0,0,1,166,10,2
1,2,0,0,1,103,2,3
1,2,0,0,1,64,2,1
1,2,0,0,1,77,2,1
1,2,0,0,1,92,2,3
1,2,0,0,1,187,3,2
1,2,0,0,1,261,4,3
1,2,0,0,1,140,2,4
1,2,0,0,1,224,4,4
1,2,0,0,1,212,7,4
1,2,0,0,1,80,9,2
1,2,0,0,1,286,12,4
1,2,0,0,2,12,0,4
1,2,0,0,2,17,0,2
1,2,0,0,2,18,0,4
1,2,0,0,2,21,0,1
1,2,0,0,2,28,0,4
1,2,0,0,2,28,0,3
1,2,0,0,2,29,0,1
1,2,0,0,2,29,1,2
1,2,0,0,2,31,4,1
1,2,0,0,2,32,0,1
1,2,0,0,2,32,4,3
1,2,0,0,2,33,1,4
1,2,0,0,2,35,0,2
1,2,0,0,2,37,0,4
1,2,0,0,2,40,0,2
1,2,0,0,2,42,0,3
1,2,0,0,2,43,0,3
1,2,0,0,2,43,2,7
1,2,0,0,2,44,4,3
1,2,0,0,2,45,0,1
1,2,0,0,2,48,3,2
1,2,0,0,2,252,3,4
1,2,0,0,2,116,7,2
1,2,0,0,2,170,9,2
1,2,0,0,3,14,1,3
1,2,0,0,3,21,0,4
1,2,0,0,3,21,2,1
1,2,0,0,3,24,0,3
1,2,0,0,3,38,0,1
1,2,0,0,3,47,0,4
1,2,0,0,3,49,1,4
1,2,0,0,3,152,16,4
1,2,0,0,4,21,1,2
1,2,0,0,4,25,0,4
1,2,0,0,4,25,0,1
1,2,0,0,4,25,3,3
1,2,0,0,4,28,3,2
1,2,0,0,4,32,4,4
1,2,0,0,4,35,1,1
1,2,0,0,4,38,3,2
1,2,0,0,4,40,4,4
1,2,0,0,4,43,0,4
1,2,0,0,4,178,2,3
1,2,0,0,4,277,4,1
1,2,0,0,4,125,1,1
1,2,0,0,4,158,0,2
1,2,0,0,4,157,5,4
1,2,0,0,4,206,5,4
1,2,0,0,4,139,3,4
1,2,0,0,4,54,5,1
1,2,0,0,4,260,3,4
1,2,0,0,4,285,0,4
1,2,0,0,4,149,11,4
1,2,0,0,4,194,2,1
1,2,0,1,1,11,0,2
1,2,0,1,1,12,0,2
1,2,0,1,1,14,0,1
1,2,0,1,1,15,0,3
1,2,0,1,1,15,2,4
1,2,0,1,1,19,0,1
1,2,0,1,1,19,2,4
1,2,0,1,1,22,4,4
1,2,0,1,1,24,0,4
1,2,0,1,1,27,1,3
1,2,0,1,1,28,4,1
1,2,0,1,1,30,4,1
1,2,0,1,1,30,5,1
1,2,0,1,1,31,2,1
1,2,0,1,1,32,0,4
1,2,0,1,1,32,0,3
1,2,0,1,1,34,1,3
1,2,0,1,1,36,0,1
1,2,0,1,1,36,1,3
1,2,0,1,1,37,0,2
1,2,0,1,1,37,1,3
1,2,0,1,1,38,1,1
1,2,0,1,1,39,7,1
1,2,0,1,1,39,9,1
1,2,0,1,1,40,0,4
1,2,0,1,1,43,0,4
1,2,0,1,1,44,0,1
1,2,0,1,1,45,0,1
1,2,0,1,1,45,6,4
1,2,0,1,1,48,0,3
1,2,0,1,1,48,1,1
1,2,0,1,1,49,3,2
1,2,0,1,1,189,5,4
1,2,0,1,1,189,2,2
1,2,0,1,1,158,7,2
1,2,0,1,1,52,5,2
1,2,0,1,1,268,10,2
1,2,0,1,1,195,9,3
1,2,0,1,1,281,7,1
1,2,0,1,1,179,6,2
1,2,0,1,1,177,9,1
1,2,0,1,1,228,25,2
1,2,0,1,1,64,0,1
1,2,0,1,2,11,3,1
1,2,0,1,2,14,1,4
1,2,0,1,2,18,4,3
1,2,0,1,2,25,2,4
1,2,0,1,2,28,3,3
1,2,0,1,2,34,0,2
1,2,0,1,2,35,0,3
1,2,0,1,2,36,1,4
1,2,0,1,2,38,0,1
1,2,0,1,2,39,2,2
1,2,0,1,2,39,6,2
1,2,0,1,2,40,0,1
1,2,0,1,2,44,2,3
1,2,0,1,2,48,0,1
1,2,0,1,2,49,2,2
1,2,0,1,2,248,6,1
1,2,0,1,2,206,13,1
1,2,0,1,2,165,13,3
1,2,0,1,3,12,0,4
1,2,0,1,3,14,0,3
1,2,0,1,3,27,1,3
1,2,0,1,3,28,2,1
1,2,0,1,3,29,0,2
1,2,0,1,3,29,2,1
1,2,0,1,3,31,0,1
1,2,0,1,3,32,1,1
1,2,0,1,3,34,0,3
1,2,0,1,3,35,4,3
1,2,0,1,3,38,3,4
1,2,0,1,3,40,0,4
1,2,0,1,3,45,0,4
1,2,0,1,3,47,1,4
1,2,0,1,4,11,1,1
1,2,0,1,4,11,3,4
1,2,0,1,4,13,0,3
1,2,0,1,4,13,0,3
1,2,0,1,4,22,8,2
1,2,0,1,4,26,0,2
1,2,0,1,4,26,0,1
1,2,0,1,4,27,2,3
1,2,0,1,4,30,5,3
1,2,0,1,4,31,1,2
1,2,0,1,4,31,7,1
1,2,0,1,4,33,0,1
1,2,0,1,4,38,2,1
1,2,0,1,4,39,2,1
1,2,0,1,4,40,1,1
1,2,0,1,4,41,0,1
1,2,0,1,4,41,0,4
1,2,0,1,4,41,4,3
1,2,0,1,4,43,0,2
1,2,0,1,4,44,0,1
1,2,0,1,4,45,0,1
1,2,0,1,4,45,0,4
1,2,0,1,4,46,1,2
1,2,0,1,4,243,15,4
1,2,0,1,4,164,4,4
1,2,0,1,4,205,4,4
1,2,0,1,4,142,1,1
1,2,0,1,4,167,19,2
1,2,0,1,4,99,2,1
1,2,0,1,4,251,5,4
1,2,0,1,4,144,9,1
1,2,0,1,4,254,8,1
1,2,0,1,4,70,7,2
1,2,0,1,4,116,4,2
1,2,0,1,4,86,6,4
1,2,0,1,4,206,5,4
1,2,0,1,4,240,22,4
1,2,0,1,4,166,8,4
1,2,0,1,4,283,1,2
1,2,0,1,4,83,90,2
1,2,1,0,1,11,0,4
1,2,1,0,1,12,0,2
1,2,1,0,1,13,0,1
1,2,1,0,1,13,4,1
1,2,1,0,1,13,5,2
1,2,1,0,1,14,0,2
1,2,1,0,1,14,1,1
1,2,1,0,1,15,0,3
1,2,1,0,1,15,1,1
1,2,1,0,1,18,1,2
1,2,1,0,1,19,1,1
1,2,1,0,1,20,1,3
1,2,1,0,1,22,1,2
1,2,1,0,1,22,3,1
1,2,1,0,1,23,3,4
1,2,1,0,1,25,0,1
1,2,1,0,1,25,0,3
1,2,1,0,1,25,1,2
1,2,1,0,1,25,3,2
1,2,1,0,1,26,0,1
1,2,1,0,1,26,2,2
1,2,1,0,1,27,0,1
1,2,1,0,1,28,0,3
1,2,1,0,1,28,2,4
1,2,1,0,1,28,8,3
1,2,1,0,1,29,0,2
1,2,1,0,1,29,1,1
1,2,1,0,1,29,1,1
1,2,1,0,1,30,0,3
1,2,1,0,1,30,0,4
1,2,1,0,1,30,6,2
1,2,1,0,1,31,1,1
1,2,1,0,1,31,2,3
1,2,1,0,1,31,2,2
1,2,1,0,1,32,0,3
1,2,1,0,1,32,0,1
1,2,1,0,1,32,0,3
1,2,1,0,1,33,0,3
1,2,1,0,1,34,0,1
1,2,1,0,1,34,0,3
1,2,1,0,1,34,1,2
1,2,1,0,1,35,0,4
1,2,1,0,1,36,0,4
1,2,1,0,1,36,1,3
1,2,1,0,1,37,0,3
1,2,1,0,1,37,0,2
1,2,1,0,1,37,1,4
1,2,1,0,1,38,0,1
1,2,1,0,1,38,0,4
1,2,1,0,1,38,2,3
1,2,1,0,1,38,4,2
1,2,1,0,1,39,0,3
1,2,1,0,1,40,0,1
1,2,1,0,1,40,0,1
1,2,1,0,1,40,3,4
1,2,1,0,1,40,5,2
1,2,1,0,1,41,0,1
1,2,1,0,1,42,1,3
1,2,1,0,1,42,1,1
1,2,1,0,1,42,2,3
1,2,1,0,1,42,4,4
1,2,1,0,1,42,5,1
1,2,1,0,1,44,0,1
1,2,1,0,1,44,0,1
1,2,1,0,1,44,1,4
1,2,1,0,1,45,2,2
1,2,1,0,1,46,0,4
1,2,1,0,1,46,0,1
1,2,1,0,1,47,0,2
1,2,1,0,1,47,0,3
1,2,1,0,1,47,1,1
1,2,1,0,1,48,0,3
1,2,1,0,1,48,0,4
1,2,1,0,1,48,0,4
1,2,1,0,1,48,1,1
1,2,1,0,1,48,5,2
1,2,1,0,1,49,1,1
1,2,1,0,1,272,50,2
1,2,1,0,1,260,9,1
1,2,1,0,1,83,5,3
1,2,1,0,1,293,7,4
1,2,1,0,1,174,16,2
1,2,1,0,1,212,0,3
1,2,1,0,1,79,17,2
1,2,1,0,1,215,3,3
1,2,1,0,1,96,9,4
1,2,1,0,1,114,7,1
1,2,1,0,1,56,14,2
1,2,1,0,1,58,9,4
1,2,1,0,1,285,25,3
1,2,1,0,1,103,1,4
1,2,1,0,1,130,18,1
1,2,1,0,1,272,15,3
1,2,1,0,1,132,12,1
1,2,1,0,1,294,4,2
1,2,1,0,1,56,9,4
1,2,1,0,1,177,5,2
1,2,1,0,1,191,10,4
1,2,1,0,1,104,8,2
1,2,1,0,1,213,19,1
1,2,1,0,2,12,1,4
1,2,1,0,2,12,2,3
1,2,1,0,2,13,0,4
1,2,1,0,2,14,0,1
1,2,1,0,2,14,4,1
1,2,1,0,2,14,13,3
1,2,1,0,2,16,0,1
1,2,1,0,2,18,0,1
1,2,1,0,2,18,4,1
1,2,1,0,2,18,12,2
1,2,1,0,2,20,5,2
1,2,1,0,2,22,0,4
1,2,1,0,2,22,0,4
1,2,1,0,2,23,0,2
1,2,1,0,2,25,0,2
1,2,1,0,2,27,1,3
1,2,1,0,2,29,0,4
1,2,1,0,2,31,0,2
1,2,1,0,2,31,2,1
1,2,1,0,2,33,4,4
1,2,1,0,2,37,0,3
1,2,1,0,2,37,0,3
1,2,1,0,2,37,2,2
1,2,1,0,2,38,1,4
1,2,1,0,2,38,2,3
1,2,1,0,2,39,0,3
1,2,1,0,2,39,6,4
1,2,1,0,2,41,1,4
1,2,1,0,2,45,0,3
1,2,1,0,2,45,1,2
1,2,1,0,2,46,0,4
1,2,1,0,2,47,1,1
1,2,1,0,2,48,0,2
1,2,1,0,2,48,2,1
1,2,1,0,2,48,3,4
1,2,1,0,2,134,7,1
1,2,1,0,2,107,1,4
1,2,1,0,2,62,5,1
1,2,1,0,2,165,9,4
1,2,1,0,2,58,8,3
1,2,1,0,2,299,0,1
1,2,1,0,2,97,28,4
1,2,1,0,3,12,0,2
1,2,1,0,3,12,3,3
1,2,1,0,3,13,4,4
1,2,1,0,3,17,0,1
1,2,1,0,3,20,0,4
1,2,1,0,3,20,1,4
1,2,1,0,3,20,3,3
1,2,1,0,3,22,4,3
1,2,1,0,3,24,0,4
1,2,1,0,3,24,1,4
1,2,1,0,3,25,0,1
1,2,1,0,3,28,0,4
1,2,1,0,3,28,4,2
1,2,1,0,3,30,1,2
1,2,1,0,3,31,0,1
1,2,1,0,3,31,0,1
1,2,1,0,3,31,0,3
1,2,1,0,3,33,1,3
1,2,1,0,3,33,3,3
1,2,1,0,3,34,7,3
1,2,1,0,3,35,0,4
1,2,1,0,3,37,0,4
1,2,1,0,3,38,1,4
1,2,1,0,3,40,0,4
1,2,1,0,3,40,0,2
1,2,1,0,3,41,0,2
1,2,1,0,3,43,0,1
1,2,1,0,3,43,2,4
1,2,1,0,3,45,3,4
1,2,1,0,3,46,0,1
1,2,1,0,3,46,1,1
1,2,1,0,3,47,0,1
1,2,1,0,3,48,1,3
1,2,1,0,3,49,0,1
1,2,1,0,3,61,7,1
1,2,1,0,3,139,8,4
1,2,1,0,3,274,5,3
1,2,1,0,3,256,4,3
1,2,1,0,3,132,8,1
1,2,1,0,4,11,0,3
1,2,1,0,4,11,0,4
1,2,1,0,4,11,1,1
1,2,1,0,4,11,7,2
1,2,1,0,4,12,2,1
1,2,1,0,4,12,3,3
1,2,1,0,4,12,8,2
1,2,1,0,4,13,2,1
1,2,1,0,4,14,0,1
1,2,1,0,4,16,0,2
1,2,1,0,4,16,1,4
1,2,1,0,4,18,0,1
1,2,1,0,4,18,2,4
1,2,1,0,4,18,4,4
1,2,1,0,4,20,0,3
1,2,1,0,4,20,7,4
1,2,1,0,4,21,0,4
1,2,1,0,4,21,1,3
1,2,1,0,4,21,2,2
1,2,1,0,4,22,0,4
1,2,1,0,4,22,0,1
1,2,1,0,4,22,2,3
1,2,1,0,4,23,0,1
1,2,1,0,4,24,1,4
1,2,1,0,4,24,2,1
1,2,1,0,4,25,0,4
1,2,1,0,4,25,1,4
1,2,1,0,4,26,0,4
1,2,1,0,4,26,1,2
1,2,1,0,4,26,1,2
1,2,1,0,4,27,13,1
1,2,1,0,4,28,0,4
1,2,1,0,4,28,0,4
1,2,1,0,4,29,0,4
1,2,1,0,4,29,3,3
1,2,1,0,4,29,4,1
1,2,1,0,4,30,0,4
1,2,1,0,4,30,1,1
1,2,1,0,4,30,5,3
1,2,1,0,4,32,0,1
1,2,1,0,4,32,1,3
1,2,1,0,4,33,0,2
1,2,1,0,4,33,5,4
1,2,1,0,4,34,14,2
1,2,1,0,4,36,0,2
1,2,1,0,4,36,0,2
1,2,1,0,4,36,2,2
1,2,1,0,4,37,6,1
1,2,1,0,4,38,1,4
1,2,1,0,4,39,0,2
1,2,1,0,4,39,0,4
1,2,1,0,4,39,1,1
1,2,1,0,4,39,5,2
1,2,1,0,4,39,5,4
1,2,1,0,4,40,1,4
1,2,1,0,4,40,10,3
1,2,1,0,4,41,17,1
1,2,1,0,4,42,0,1
1,2,1,0,4,46,3,2
1,2,1,0,4,47,0,1
1,2,1,0,4,47,1,3
1,2,1,0,4,47,2,4
1,2,1,0,4,48,0,4
1,2,1,0,4,48,1,2
1,2,1,0,4,48,6,4
1,2,1,0,4,49,0,4
1,2,1,0,4,49,0,3
1,2,1,0,4,49,1,1
1,2,1,0,4,91,5,3
1,2,1,0,4,146,1,1
1,2,1,0,4,168,0,2
1,2,1,0,4,191,2,2
1,2,1,0,4,244,10,2
1,2,1,0,4,131,14,4
1,2,1,0,4,110,74,4
1,2,1,0,4,244,3,2
1,2,1,0,4,166,10,4
1,2,1,0,4,54,23,2
1,2,1,0,4,241,5,3
1,2,1,0,4,170,3,1
1,2,1,0,4,231,7,2
1,2,1,0,4,80,3,2
1,2,1,0,4,232,31,4
1,2,1,0,4,109,10,2
1,2,1,0,4,250,26,4
1,2,1,0,4,240,139,3
1,2,1,0,4,183,1,3
1,2,1,0,4,67,3,1
1,2,1,0,4,128,3,1
1,2,1,0,4,67,1,3
1,2,1,0,4,150,32,3
1,2,1,0,4,229,7,4
1,2,1,0,4,54,1,4
1,2,1,0,4,271,18,4
1,2,1,0,4,149,20,1
1,2,1,0,4,259,2,2
1,2,1,0,4,90,4,2
1,2,1,0,4,248,1,2
1,2,1,0,4,83,30,3
1,2,1,0,4,70,1,4
1,2,1,0,4,235,6,2
1,2,1,0,4,110,12,1
1,2,1,1,1,11,0,4
1,2,1,1,1,11,0,1
1,2,1,1,1,11,0,3
1,2,1,1,1,11,0,2
1,2,1,1,1,11,0,1
1,2,1,1,1,11,2,3
1,2,1,1,1,11,3,1
1,2,1,1,1,12,0,4
1,2,1,1,1,12,0,2
1,2,1,1,1,12,0,3
1,2,1,1,1,12,0,2
1,2,1,1,1,12,0,4
1,2,1,1,1,12,0,2
1,2,1,1,1,12,0,4
1,2,1,1,1,12,1,1
1,2,1,1,1,12,1,1
1,2,1,1,1,12,2,4
1,2,1,1,1,12,3,2
1,2,1,1,1,12,4,2
1,2,1,1,1,14,0,2
1,2,1,1,1,14,1,2
1,2,1,1,1,14,2,4
1,2,1,1,1,14,2,4
1,2,1,1,1,14,7,4
1,2,1,1,1,15,3,4
1,2,1,1,1,15,3,4
1,2,1,1,1,16,0,1
1,2,1,1,1,17,1,3
1,2,1,1,1,17,5,1
1,2,1,1,1,18,0,1
1,2,1,1,1,18,0,2
1,2,1,1,1,18,1,4
1,2,1,1,1,18,2,3
1,2,1,1,1,18,6,1
1,2,1,1,1,20,0,4
1,2,1,1,1,20,0,3
1,2,1,1,1,20,17,2
1,2,1,1,1,21,3,4
1,2,1,1,1,22,0,4
1,2,1,1,1,23,0,3
1,2,1,1,1,24,0,1
1,2,1,1,1,24,1,2
1,2,1,1,1,24,3,2
1,2,1,1,1,25,0,4
1,2,1,1,1,25,0,3
1,2,1,1,1,26,1,4
1,2,1,1,1,27,0,2
1,2,1,1,1,28,2,2
1,2,1,1,1,29,4,4
1,2,1,1,1,29,5,2
1,2,1,1,1,30,1,2
1,2,1,1,1,30,1,4
1,2,1,1,1,30,3,2
1,2,1,1,1,30,5,2
1,2,1,1,1,31,7,2
1,2,1,1,1,32,0,1
1,2,1,1,1,32,0,4
1,2,1,1,1,32,0,1
1,2,1,1,1,32,1,3
1,2,1,1,1,32,1,1
1,2,1,1,1,33,1,4
1,2,1,1,1,33,1,1
1,2,1,1,1,35,1,1
1,2,1,1,1,35,1,3
1,2,1,1,1,36,0,1
1,2,1,1,1,36,0,2
1,2,1,1,1,37,0,1
1,2,1,1,1,37,9,3
1,2,1,1,1,39,1,4
1,2,1,1,1,40,1,4
1,2,1,1,1,40,1,1
1,2,1,1,1,41,0,2
1,2,1,1,1,41,0,1
1,2,1,1,1,41,0,4
1,2,1,1,1,43,0,7
1,2,1,1,1,43,4,2
1,2,1,1,1,44,0,1
1,2,1,1,1,44,2,2
1,2,1,1,1,45,0,1
1,2,1,1,1,45,0,1
1,2,1,1,1,45,0,4
1,2,1,1,1,47,1,1
1,2,1,1,1,48,0,4
1,2,1,1,1,48,0,1
1,2,1,1,1,48,3,4
1,2,1,1,1,49,0,2
1,2,1,1,1,49,0,1
1,2,1,1,1,49,0,1
1,2,1,1,1,49,1,3
1,2,1,1,1,49,3,2
1,2,1,1,1,159,3,4
1,2,1,1,1,295,3,1
1,2,1,1,1,272,2,4
1,2,1,1,1,190,28,4
1,2,1,1,1,105,3,8
1,2,1,1,1,199,14,1
1,2,1,1,1,71,4,1
1,2,1,1,1,133,1,2
1,2,1,1,1,136,37,1
1,2,1,1,1,70,0,3
1,2,1,1,1,189,7,3
1,2,1,1,1,54,26,1
1,2,1,1,1,298,0,1
1,2,1,1,1,224,38,3
1,2,1,1,1,50,1,4
1,2,1,1,1,91,5,3
1,2,1,1,1,157,12,1
1,2,1,1,1,231,7,2
1,2,1,1,1,242,3,1
1,2,1,1,1,225,7,2
1,2,1,1,1,118,4,3
1,2,1,1,1,179,3,1
1,2,1,1,1,234,14,3
1,2,1,1,1,214,0,2
1,2,1,1,1,262,1,3
1,2,1,1,1,78,21,1
1,2,1,1,1,89,5,2
1,2,1,1,1,165,12,3
1,2,1,1,1,224,5,4
1,2,1,1,1,216,5,2
1,2,1,1,1,78,2,2
1,2,1,1,1,136,8,4
1,2,1,1,1,98,2,1
1,2,1,1,1,140,5,2
1,2,1,1,1,204,4,4
1,2,1,1,1,193,3,3
1,2,1,1,1,67,10,2
1,2,1,1,1,246,7,1
1,2,1,1,1,180,7,4
1,2,1,1,1,218,6,3
1,2,1,1,1,131,12,3
1,2,1,1,1,51,8,3
1,2,1,1,1,230,11,1
1,2,1,1,1,108,6,2
1,2,1,1,1,212,4,1
1,2,1,1,1,197,17,1
1,2,1,1,1,94,18,3
1,2,1,1,1,116,35,2
1,2,1,1,1,64,2,4
1,2,1,1,1,149,35,1
1,2,1,1,1,274,43,4
1,2,1,1,1,295,0,2
1,2,1,1,1,120,5,1
1,2,1,1,1,188,9,3
1,2,1,1,1,85,9,1
1,2,1,1,1,235,14,3
1,2,1,1,1,102,5,3
1,2,1,1,1,296,14,2
1,2,1,1,1,258,17,2
1,2,1,1,2,11,0,4
1,2,1,1,2,11,1,2
1,2,1,1,2,11,2,3
1,2,1,1,2,11,3,2
1,2,1,1,2,11,6,3
1,2,1,1,2,12,0,3
1,2,1,1,2,13,1,3
1,2,1,1,2,14,0,4
1,2,1,1,2,14,1,2
1,2,1,1,2,14,1,3
1,2,1,1,2,15,0,3
1,2,1,1,2,15,0,2
1,2,1,1,2,15,0,2
1,2,1,1,2,15,0,3
1,2,1,1,2,15,0,1
1,2,1,1,2,15,5,3
1,2,1,1,2,16,0,4
1,2,1,1,2,16,0,2
1,2,1,1,2,16,0,2
1,2,1,1,2,16,1,3
1,2,1,1,2,16,9,2
1,2,1,1,2,17,0,4
1,2,1,1,2,18,0,4
1,2,1,1,2,18,0,3
1,2,1,1,2,18,0,1
1,2,1,1,2,18,0,2
1,2,1,1,2,18,6,1
1,2,1,1,2,19,2,4
1,2,1,1,2,19,4,2
1,2,1,1,2,20,0,2
1,2,1,1,2,20,1,4
1,2,1,1,2,21,0,2
1,2,1,1,2,21,0,2
1,2,1,1,2,21,1,2
1,2,1,1,2,21,13,1
1,2,1,1,2,22,0,3
1,2,1,1,2,23,1,2
1,2,1,1,2,23,12,3
1,2,1,1,2,24,0,3
1,2,1,1,2,24,5,4
1,2,1,1,2,25,0,3
1,2,1,1,2,25,3,4
1,2,1,1,2,26,0,1
1,2,1,1,2,26,1,4
1,2,1,1,2,26,2,1
1,2,1,1,2,26,4,3
1,2,1,1,2,26,17,4
1,2,1,1,2,27,0,4
1,2,1,1,2,27,0,3
1,2,1,1,2,28,0,1
1,2,1,1,2,28,0,3
1,2,1,1,2,28,0,2
1,2,1,1,2,28,0,3
1,2,1,1,2,28,3,2
1,2,1,1,2,28,3,1
1,2,1,1,2,28,11,3
1,2,1,1,2,29,0,2
1,2,1,1,2,29,0,4
1,2,1,1,2,29,2,2
1,2,1,1,2,29,5,4
1,2,1,1,2,30,0,3
1,2,1,1,2,30,1,3
1,2,1,1,2,30,5,2
1,2,1,1,2,31,0,3
1,2,1,1,2,31,0,1
1,2,1,1,2,31,5,3
1,2,1,1,2,33,0,4
1,2,1,1,2,33,0,3
1,2,1,1,2,33,0,2
1,2,1,1,2,33,1,3
1,2,1,1,2,33,4,1
1,2,1,1,2,34,0,2
1,2,1,1,2,34,1,1
1,2,1,1,2,34,2,4
1,2,1,1,2,34,6,4
1,2,1,1,2,35,1,1
1,2,1,1,2,36,0,3
1,2,1,1,2,36,0,1
1,2,1,1,2,36,0,2
1,2,1,1,2,36,1,2
1,2,1,1,2,37,0,3
1,2,1,1,2,37,0,2
1,2,1,1,2,37,1,3
1,2,1,1,2,37,1,2
1,2,1,1,2,37,7,2
1,2,1,1,2,37,10,1
1,2,1,1,2,38,0,1
1,2,1,1,2,38,2,3
1,2,1,1,2,38,3,4
1,2,1,1,2,39,0,1
1,2,1,1,2,39,1,4
1,2,1,1,2,39,8,3
1,2,1,1,2,40,1,2
1,2,1,1,2,41,1,3
1,2,1,1,2,42,0,4
1,2,1,1,2,42,0,4
1,2,1,1,2,42,1,4
1,2,1,1,2,42,1,2
1,2,1,1,2,42,4,3
1,2,1,1,2,43,0,4
1,2,1,1,2,43,1,3
1,2,1,1,2,43,2,2
1,2,1,1,2,44,0,4
1,2,1,1,2,44,3,1
1,2,1,1,2,44,8,1
1,2,1,1,2,44,11,3
1,2,1,1,2,45,0,1
1,2,1,1,2,46,0,1
1,2,1,1,2,46,0,1
1,2,1,1,2,46,7,2
1,2,1,1,2,47,0,1
1,2,1,1,2,47,1,4
1,2,1,1,2,47,3,1
1,2,1,1,2,48,0,8
1,2,1,1,2,49,0,1
1,2,1,1,2,49,2,3
1,2,1,1,2,230,3,1
1,2,1,1,2,260,14,1
1,2,1,1,2,260,5,1
1,2,1,1,2,106,8,4
1,2,1,1,2,85,0,1
1,2,1,1,2,123,8,2
1,2,1,1,2,278,11,1
1,2,1,1,2,110,0,2
1,2,1,1,2,213,4,4
1,2,1,1,2,105,31,3
1,2,1,1,2,101,19,1
1,2,1,1,2,124,6,2
1,2,1,1,2,131,8,3
1,2,1,1,2,132,1,1
1,2,1,1,2,146,9,3
1,2,1,1,2,130,9,4
1,2,1,1,2,292,11,3
1,2,1,1,2,262,19,6
1,2,1,1,2,135,63,4
1,2,1,1,2,270,7,2
1,2,1,1,2,68,7,2
1,2,1,1,2,300,1,1
1,2,1,1,2,267,2,3
1,2,1,1,3,12,2,3
1,2,1,1,3,13,0,1
1,2,1,1,3,13,8,1
1,2,1,1,3,14,2,2
1,2,1,1,3,15,0,1
1,2,1,1,3,16,0,3
1,2,1,1,3,16,0,3
1,2,1,1,3,16,3,2
1,2,1,1,3,17,0,1
1,2,1,1,3,17,0,4
1,2,1,1,3,17,0,1
1,2,1,1,3,18,1,1
1,2,1,1,3,18,3,2
1,2,1,1,3,19,1,4
1,2,1,1,3,20,4,3
1,2,1,1,3,22,0,2
1,2,1,1,3,23,0,1
1,2,1,1,3,24,0,1
1,2,1,1,3,26,2,2
1,2,1,1,3,30,0,1
1,2,1,1,3,31,0,2
1,2,1,1,3,33,0,4
1,2,1,1,3,34,1,4
1,2,1,1,3,35,0,1
1,2,1,1,3,35,0,4
1,2,1,1,3,35,0,2
1,2,1,1,3,35,1,4
1,2,1,1,3,36,0,4
1,2,1,1,3,37,0,2
1,2,1,1,3,37,1,3
1,2,1,1,3,37,4,3
1,2,1,1,3,38,0,2
1,2,1,1,3,38,2,1
1,2,1,1,3,39,0,2
1,2,1,1,3,41,8,4
1,2,1,1,3,42,0,4
1,2,1,1,3,42,0,4
1,2,1,1,3,46,0,4
1,2,1,1,3,47,0,3
1,2,1,1,3,47,0,4
1,2,1,1,3,47,3,4
1,2,1,1,3,48,0,3
1,2,1,1,3,48,1,4
1,2,1,1,3,49,0,3
1,2,1,1,3,49,1,2
1,2,1,1,3,49,2,3
1,2,1,1,3,210,6,3
1,2,1,1,3,206,77,3
1,2,1,1,3,77,1,4
1,2,1,1,3,245,18,4
1,2,1,1,3,227,11,4
1,2,1,1,3,150,5,2
1,2,1,1,3,188,18,4
1,2,1,1,3,143,2,2
1,2,1,1,4,11,0,3
1,2,1,1,4,11,0,4
1,2,1,1,4,11,0,2
1,2,1,1,4,11,1,2
1,2,1,1,4,12,0,4
1,2,1,1,4,12,0,3
1,2,1,1,4,12,0,1
1,2,1,1,4,12,2,1
1,2,1,1,4,12,2,4
1,2,1,1,4,12,3,3
1,2,1,1,4,13,0,3
1,2,1,1,4,13,0,3
1,2,1,1,4,13,0,4
1,2,1,1,4,13,0,4
1,2,1,1,4,13,3,2
1,2,1,1,4,13,3,1
1,2,1,1,4,14,0,4
1,2,1,1,4,14,0,1
1,2,1,1,4,14,0,2
1,2,1,1,4,14,1,3
1,2,1,1,4,14,3,3
1,2,1,1,4,14,5,2
1,2,1,1,4,15,0,2
1,2,1,1,4,15,1,4
1,2,1,1,4,15,1,1
1,2,1,1,4,15,2,4
1,2,1,1,4,15,2,2
1,2,1,1,4,16,1,3
1,2,1,1,4,16,3,3
1,2,1,1,4,16,10,3
1,2,1,1,4,17,1,1
1,2,1,1,4,17,3,3
1,2,1,1,4,18,0,1
1,2,1,1,4,19,2,3
1,2,1,1,4,20,0,2
1,2,1,1,4,20,3,2
1,2,1,1,4,21,1,2
1,2,1,1,4,22,0,1
1,2,1,1,4,24,1,4
1,2,1,1,4,25,0,3
1,2,1,1,4,25,0,4
1,2,1,1,4,25,0,4
1,2,1,1,4,25,0,2
1,2,1,1,4,26,0,3
1,2,1,1,4,27,0,4
1,2,1,1,4,27,0,3
1,2,1,1,4,27,0,2
1,2,1,1,4,27,0,3
1,2,1,1,4,28,1,4
1,2,1,1,4,28,1,3
1,2,1,1,4,28,1,1
1,2,1,1,4,28,5,2
1,2,1,1,4,28,7,4
1,2,1,1,4,29,0,3
1,2,1,1,4,29,0,4
1,2,1,1,4,30,2,3
1,2,1,1,4,31,0,1
1,2,1,1,4,31,0,2
1,2,1,1,4,31,1,2
1,2,1,1,4,32,0,4
1,2,1,1,4,33,0,3
1,2,1,1,4,33,2,3
1,2,1,1,4,33,3,4
1,2,1,1,4,33,5,2
1,2,1,1,4,34,0,4
1,2,1,1,4,34,1,1
1,2,1,1,4,34,2,1
1,2,1,1,4,35,2,3
1,2,1,1,4,36,0,3
1,2,1,1,4,36,0,4
1,2,1,1,4,36,1,1
1,2,1,1,4,36,1,1
1,2,1,1,4,36,5,4
1,2,1,1,4,37,0,1
1,2,1,1,4,38,0,4
1,2,1,1,4,39,3,4
1,2,1,1,4,39,4,4
1,2,1,1,4,41,1,3
1,2,1,1,4,41,4,4
1,2,1,1,4,42,0,1
1,2,1,1,4,42,10,3
1,2,1,1,4,43,4,3
1,2,1,1,4,44,1,2
1,2,1,1,4,44,1,2
1,2,1,1,4,44,2,4
1,2,1,1,4,46,2,2
1,2,1,1,4,47,0,2
1,2,1,1,4,47,2,4
1,2,1,1,4,47,11,2
1,2,1,1,4,48,0,1
1,2,1,1,4,48,1,4
1,2,1,1,4,49,1,1
1,2,1,1,4,49,2,4
1,2,1,1,4,244,2,8
1,2,1,1,4,50,112,4
1,2,1,1,4,186,1,3
1,2,1,1,4,260,2,2
1,2,1,1,4,59,6,3
1,2,1,1,4,96,34,2
1,2,1,1,4,295,2,4
1,2,1,1,4,219,13,3
1,2,1,1,4,286,2,2
1,2,1,1,4,141,4,2
1,2,1,1,4,97,5,1
1,2,1,1,4,106,73,1
1,2,1,1,4,174,6,3
1,2,1,1,4,168,7,2
1,2,1,1,4,175,6,1
1,2,1,1,4,266,17,2
1,3,0,1,3,48,0,2
1,3,0,1,3,215,6,1
1,3,0,1,4,11,7,2
1,3,0,1,4,12,0,9
1,3,0,1,4,13,2,1
1,3,0,1,4,15,3,1
1,3,0,1,4,17,0,3
1,3,0,1,4,18,1,1
1,3,0,1,4,18,4,6
1,3,0,1,4,19,4,4
1,3,0,1,4,20,0,1
1,3,0,1,4,22,0,4
1,3,0,1,4,22,1,3
1,3,0,1,4,24,0,2
1,3,0,1,4,25,0,2
1,3,0,1,4,25,0,2
1,3,0,1,4,26,0,3
1,3,0,1,4,28,5,4
1,3,0,1,4,29,2,2
1,3,1,0,1,14,2,1
1,3,1,0,1,15,0,3
1,3,1,0,1,15,1,1
1,3,1,0,1,15,3,4
1,3,1,0,1,16,2,4
1,3,1,0,1,17,0,1
1,3,1,0,1,17,2,1
1,3,1,0,1,18,0,3
1,3,1,0,1,18,2,2
1,3,1,0,1,19,0,2
1,3,1,0,1,19,0,2
1,3,1,0,1,20,0,1
1,3,1,0,1,21,0,4
1,3,1,0,1,21,1,3
1,3,1,0,1,22,1,4
1,3,1,0,1,22,6,2
1,3,1,0,1,23,1,1
1,3,1,0,1,24,1,3
1,3,1,0,2,24,0,3
1,3,1,0,2,24,0,3
1,3,1,0,2,24,3,3
1,3,1,0,2,25,0,1
1,3,1,0,2,25,10,2
1,3,1,0,2,26,0,3
1,3,1,0,2,26,0,4
1,3,1,0,2,26,1,3
1,3,1,0,2,28,0,2
1,3,1,0,2,29,11,3
1,3,1,0,2,30,0,3
1,3,1,0,2,31,0,1
1,3,1,0,2,31,1,1
1,3,1,0,2,31,2,3
1,3,1,0,2,32,1,3
1,3,1,0,2,33,0,1
1,3,1,0,2,33,1,4
1,3,1,0,2,33,5,1
1,3,1,0,2,34,0,4
1,3,1,0,2,35,1,4
1,3,1,0,2,37,0,4
1,3,1,0,2,43,1,3
1,3,1,0,2,45,0,2
1,3,1,0,2,45,2,1
1,3,1,0,2,46,0,2
1,3,1,0,2,46,0,4
1,3,1,1,1,13,0,1
1,3,1,1,1,13,0,3
1,3,1,1,1,13,1,3
1,3,1,1,1,13,3,3
1,3,1,1,1,13,5,1
1,3,1,1,1,15,0,2
1,3,1,1,1,15,3,1
1,3,1,1,1,16,0,4
1,3,1,1,1,16,0,2
1,3,1,1,1,16,1,2
1,3,1,1,1,19,0,3
1,3,1,1,1,19,0,4
1,3,1,1,1,19,1,4
1,3,1,1,1,19,1,1
1,3,1,1,1,19,2,4
1,3,1,1,1,20,0,3
1,3,1,1,1,21,3,2
1,3,1,1,1,22,0,2
1,3,1,1,1,22,1,2
1,3,1,1,1,22,8,4
1,3,1,1,1,23,0,2
1,3,1,1,1,25,0,3
1,3,1,1,1,25,1,4
1,3,1,1,1,26,1,1
1,3,1,1,1,26,2,2
1,3,1,1,1,26,3,1
1,3,1,1,1,27,0,1
1,3,1,1,1,27,0,3
1,3,1,1,1,28,0,1
1,3,1,1,1,28,12,3
1,3,1,1,1,29,0,3
1,3,1,1,1,29,0,3
1,3,1,1,1,29,2,4
1,3,1,1,1,30,0,2
1,3,1,1,1,30,0,2
1,3,1,1,1,30,0,1
1,3,1,1,1,30,4,2
1,3,1,1,1,31,0,1
1,3,1,1,1,31,1,4
1,3,1,1,1,31,1,3
1,3,1,1,1,31,2,1
1,3,1,1,1,31,4,2
1,3,1,1,1,32,0,1
1,3,1,1,1,32,1,1
1,3,1,1,1,33,0,2
1,3,1,1,1,33,0,4
1,3,1,1,1,33,1,1
1,3,1,1,1,33,2,2
1,3,1,1,1,35,0,1
1,3,1,1,1,36,7,4
1,3,1,1,1,37,0,3
1,3,1,1,1,37,3,2
1,3,1,1,1,37,4,2
1,3,1,1,1,38,0,2
1,3,1,1,1,38,0,2
1,3,1,1,1,38,1,1
1,3,1,1,1,38,2,3
1,3,1,1,1,39,0,3
1,3,1,1,1,39,0,2
1,3,1,1,1,39,1,3
1,3,1,1,1,39,1,8
1,3,1,1,1,40,0,2
1,3,1,1,1,40,0,2
1,3,1,1,1,40,3,1
1,3,1,1,1,40,3,4
1,3,1,1,1,41,0,3
1,3,1,1,1,41,0,4
1,3,1,1,1,41,1,1
1,3,1,1,1,42,0,4
1,3,1,1,1,42,0,4
1,3,1,1,1,43,0,4
1,3,1,1,1,44,0,4
1,3,1,1,1,45,0,6
1,3,1,1,1,45,2,3
1,3,1,1,1,45,7,2
1,3,1,1,1,46,0,4
1,3,1,1,1,47,0,4
1,3,1,1,1,47,0,3
1,3,1,1,1,47,3,4
1,3,1,1,1,48,1,2
1,3,1,1,4,15,6,3
1,3,1,1,4,16,1,4
1,3,1,1,4,16,2,1
1,3,1,1,4,17,0,3
1,3,1,1,4,18,0,4
1,3,1,1,4,20,0,1
1,3,1,1,4,20,2,2
1,3,1,1,4,21,1,2
1,3,1,1,4,21,2,1
1,3,1,1,4,22,0,4
1,3,1,1,4,22,1,3
1,3,1,1,4,22,2,4
1,3,1,1,4,23,0,4
1,3,1,1,4,24,0,3
1,3,1,1,4,25,0,2
1,3,1,1,4,26,0,4
1,3,1,1,4,26,4,3
1,3,1,1,4,28,0,4
1,3,1,1,4,28,2,4
1,3,1,1,4,28,2,1
1,3,1,1,4,28,5,1
1,3,1,1,4,29,0,3
1,3,1,1,4,29,1,4
1,3,1,1,4,29,2,4
1,3,1,1,4,29,2,2
1,3,1,1,4,31,0,1
1,3,1,1,4,31,0,3
1,3,1,1,4,31,0,3
1,3,1,1,4,31,1,4
1,3,1,1,4,31,1,1
1,3,1,1,4,31,5,2
1,3,1,1,4,32,0,3
1,3,1,1,4,32,1,4
1,3,1,1,4,33,0,4
1,3,1,1,4,33,0,1
1,3,1,1,4,33,1,3
1,3,1,1,4,33,1,1
1,3,1,1,4,34,0,2
1,3,1,1,4,34,1,4
1,3,1,1,4,35,0,1
1,3,1,1,4,35,0,2
1,3,1,1,4,35,7,3
1,3,1,1,4,36,0,2
1,3,1,1,4,36,1,4
1,3,1,1,4,36,1,4
1,3,1,1,4,37,0,3
1,3,1,1,4,37,1,3
1,3,1,1,4,37,2,4
1,3,1,1,4,37,2,1
1,3,1,1,4,38,1,4
1,3,1,1,4,38,2,1
1,3,1,1,4,38,2,3
1,3,1,1,4,38,14,4
1,3,1,1,4,39,0,4
1,3,1,1,4,39,0,4
1,3,1,1,4,39,2,4
1,3,1,1,4,40,0,4
1,3,1,1,4,40,0,2
1,3,1,1,4,40,0,2
1,3,1,1,4,41,0,2
1,3,1,1,4,42,6,4
1,3,1,1,4,43,0,2
1,3,1,1,4,43,0,2
1,3,1,1,4,43,1,2
1,3,1,1,4,44,0,2
1,3,1,1,4,44,0,1
1,3,1,1,4,44,3,3
1,3,1,1,4,45,0,3
1,3,1,1,4,45,0,2
1,3,1,1,4,45,2,2
1,3,1,1,4,46,0,1
1,3,1,1,4,46,1,3
1,3,1,1,4,47,0,2
1,3,1,1,4,48,5,8
1,3,1,1,4,49,1,3
1,3,1,1,4,49,5,4
1,3,1,1,4,119,30,3
1,3,1,1,4,115,24,3
1,3,1,1,4,274,1,1
1,3,1,1,4,216,20,4
1,3,1,1,4,86,15,3
1,3,1,1,4,241,0,2
1,3,1,1,4,98,2,1
1,3,1,1,4,122,15,3
1,3,1,1,4,118,9,4
1,3,1,1,4,133,10,1
1,3,1,1,4,112,7,1
1,3,1,1,4,169,2,2
1,3,1,1,4,159,44,1
1,3,1,1,4,271,0,3
1,3,1,1,4,260,8,4
1,3,1,1,4,259,6,2
1,3,1,1,4,120,3,3
1,3,1,1,4,193,7,9
1,3,1,1,4,283,19,4
1,3,1,1,4,85,20,3
1,3,1,1,4,220,15,1
1,3,1,1,4,85,2,1
1,3,1,1,4,128,4,2
1,3,1,1,4,269,5,4
1,3,1,1,4,296,19,4
1,3,1,1,4,249,2,4
1,3,1,1,4,251,25,3
1,3,1,1,4,71,2,4
1,3,1,1,4,255,2,4
1,4,1,1,4,237,3,2
1,4,1,1,4,127,38,4